OBJECTID,Descripcion,Periodo,Fuente,Fecha_Actualizacion,Shape__Area,Shape__Length,Codigo_Muniicipio,Departamento,Municipio,Periodo_1980_1988,Periodo_1989_1996,Periodo_1997_2004,Periodo_2005_2014,Total_1989_2014
1,Desplazamiento forzado histórico por municipios en Colombia,1980-2014,Elaboración propia del CNMH. Información geográfica del informe Una nación desplazada,2021/09/22 00:00:00+00,0.0306059241279441,1.03254592618064,05001,ANTIOQUIA,MEDELLÍN,412,4662,23268,81738,110080
2,Desplazamiento forzado histórico por municipios en Colombia,1980-2014,Elaboración propia del CNMH. Información geográfica del informe Una nación desplazada,2021/09/22 00:00:00+00,0.0413838961970872,1.15850379022206,05002,ANTIOQUIA,ABEJORRAL,46,296,6494,2030,8866
3,Desplazamiento forzado histórico por municipios en Colombia,1980-2014,Elaboración propia del CNMH. Información geográfica del informe Una nación desplazada,2021/09/22 00:00:00+00,0.0242482554608591,0.812183229835095,05004,ANTIOQUIA,ABRIAQUÍ,74,229,987,129,1419
4,Desplazamiento forzado histórico por municipios en Colombia,1980-2014,Elaboración propia del CNMH. Información geográfica del informe Una nación desplazada,2021/09/22 00:00:00+00,0.0105345265763773,0.705199538542932,05021,ANTIOQUIA,ALEJANDRÍA,10,116,4997,368,5491
5,Desplazamiento forzado histórico por municipios en Colombia,1980-2014,Elaboración propia del CNMH. Información geográfica del informe Una nación desplazada,2021/09/22 00:00:00+00,0.00686652323313185,0.445240716521653,05030,ANTIOQUIA,AMAGÁ,20,130,670,787,1607
6,Desplazamiento forzado histórico por municipios en Colombia,1980-2014,Elaboración propia del CNMH. Información geográfica del informe Una nación desplazada,2021/09/22 00:00:00+00,0.0989213098361165,2.06335956359662,05031,ANTIOQUIA,AMALFI,216,465,3653,2286,6620
7,Desplazamiento forzado histórico por municipios en Colombia,1980-2014,Elaboración propia del CNMH. Información geográfica del informe Una nación desplazada,2021/09/22 00:00:00+00,0.0328165802123462,1.14698358028927,05034,ANTIOQUIA,ANDES,45,326,1305,1872,3548
8,Desplazamiento forzado histórico por municipios en Colombia,1980-2014,Elaboración propia del CNMH. Información geográfica del informe Una nación desplazada,2021/09/22 00:00:00+00,0.00668338736805382,0.427495595534376,05036,ANTIOQUIA,ANGELÓPOLIS,6,57,1147,216,1426
9,Desplazamiento forzado histórico por municipios en Colombia,1980-2014,Elaboración propia del CNMH. Información geográfica del informe Una nación desplazada,2021/09/22 00:00:00+00,0.0276669576496758,0.915670584923987,05038,ANTIOQUIA,ANGOSTURA,11,193,2465,854,3523
10,Desplazamiento forzado histórico por municipios en Colombia,1980-2014,Elaboración propia del CNMH. Información geográfica del informe Una nación desplazada,2021/09/22 00:00:00+00,0.115706036890768,1.84764405945928,05040,ANTIOQUIA,ANORÍ,48,130,4375,8451,13004
11,Desplazamiento forzado histórico por municipios en Colombia,1980-2014,Elaboración propia del CNMH. Información geográfica del informe Una nación desplazada,2021/09/22 00:00:00+00,0.042995054400239,1.12544817349732,05042,ANTIOQUIA,SANTA FÉ DE ANTIOQUIA,38,427,1553,835,2853
12,Desplazamiento forzado histórico por municipios en Colombia,1980-2014,Elaboración propia del CNMH. Información geográfica del informe Una nación desplazada,2021/09/22 00:00:00+00,0.0208933711104953,0.746835164769707,05044,ANTIOQUIA,ANZÁ,13,274,3234,367,3888
13,Desplazamiento forzado histórico por municipios en Colombia,1980-2014,Elaboración propia del CNMH. Información geográfica del informe Una nación desplazada,2021/09/22 00:00:00+00,0.0438004926529834,1.28661901175453,05045,ANTIOQUIA,APARTADÓ,1419,16526,29669,17130,64744
14,Desplazamiento forzado histórico por municipios en Colombia,1980-2014,Elaboración propia del CNMH. Información geográfica del informe Una nación desplazada,2021/09/22 00:00:00+00,0.0618530060287371,1.86044996941637,05051,ANTIOQUIA,ARBOLETES,1561,13005,7406,2901,24873
15,Desplazamiento forzado histórico por municipios en Colombia,1980-2014,Elaboración propia del CNMH. Información geográfica del informe Una nación desplazada,2021/09/22 00:00:00+00,0.0200221218902247,1.06233838013188,05055,ANTIOQUIA,ARGELIA,202,796,12092,7924,21014
16,Desplazamiento forzado histórico por municipios en Colombia,1980-2014,Elaboración propia del CNMH. Información geográfica del informe Una nación desplazada,2021/09/22 00:00:00+00,0.0090144025961053,0.502777095499201,05059,ANTIOQUIA,ARMENIA,1,11,245,227,484
17,Desplazamiento forzado histórico por municipios en Colombia,1980-2014,Elaboración propia del CNMH. Información geográfica del informe Una nación desplazada,2021/09/22 00:00:00+00,0.0168019058869988,0.770239824804273,05079,ANTIOQUIA,BARBOSA,6,240,2260,1160,3666
18,Desplazamiento forzado histórico por municipios en Colombia,1980-2014,Elaboración propia del CNMH. Información geográfica del informe Una nación desplazada,2021/09/22 00:00:00+00,0.0242003553550647,1.17300353408174,05086,ANTIOQUIA,BELMIRA,8,33,253,216,510
19,Desplazamiento forzado histórico por municipios en Colombia,1980-2014,Elaboración propia del CNMH. Información geográfica del informe Una nación desplazada,2021/09/22 00:00:00+00,0.0120627474540158,0.620634840359945,05088,ANTIOQUIA,BELLO,45,509,2583,4745,7882
20,Desplazamiento forzado histórico por municipios en Colombia,1980-2014,Elaboración propia del CNMH. Información geográfica del informe Una nación desplazada,2021/09/22 00:00:00+00,0.0147212975479368,0.692872364337093,05091,ANTIOQUIA,BETANIA,31,693,1432,375,2531
21,Desplazamiento forzado histórico por municipios en Colombia,1980-2014,Elaboración propia del CNMH. Información geográfica del informe Una nación desplazada,2021/09/22 00:00:00+00,0.0214135235662533,0.847675552980638,05093,ANTIOQUIA,BETULIA,25,427,15040,1942,17434
22,Desplazamiento forzado histórico por municipios en Colombia,1980-2014,Elaboración propia del CNMH. Información geográfica del informe Una nación desplazada,2021/09/22 00:00:00+00,0.0215147187931595,0.737861049383481,05101,ANTIOQUIA,CIUDAD BOLÍVAR,47,514,2038,1216,3815
23,Desplazamiento forzado histórico por municipios en Colombia,1980-2014,Elaboración propia del CNMH. Información geográfica del informe Una nación desplazada,2021/09/22 00:00:00+00,0.0307849622582237,1.00447196975611,05107,ANTIOQUIA,BRICEÑO,56,229,2326,3087,5698
24,Desplazamiento forzado histórico por municipios en Colombia,1980-2014,Elaboración propia del CNMH. Información geográfica del informe Una nación desplazada,2021/09/22 00:00:00+00,0.0290347315003774,0.965814852985432,05113,ANTIOQUIA,BURITICÁ,51,151,5002,768,5972
25,Desplazamiento forzado histórico por municipios en Colombia,1980-2014,Elaboración propia del CNMH. Información geográfica del informe Una nación desplazada,2021/09/22 00:00:00+00,0.153584235082767,2.94305244927747,05120,ANTIOQUIA,CÁCERES,60,960,3995,10788,15803
26,Desplazamiento forzado histórico por municipios en Colombia,1980-2014,Elaboración propia del CNMH. Información geográfica del informe Una nación desplazada,2021/09/22 00:00:00+00,0.0163405210858266,0.645523391146625,05125,ANTIOQUIA,CAICEDO,33,277,1122,1226,2658
27,Desplazamiento forzado histórico por municipios en Colombia,1980-2014,Elaboración propia del CNMH. Información geográfica del informe Una nación desplazada,2021/09/22 00:00:00+00,0.0108362037074631,0.52932824312383,05129,ANTIOQUIA,CALDAS,7,28,488,759,1282
28,Desplazamiento forzado histórico por municipios en Colombia,1980-2014,Elaboración propia del CNMH. Información geográfica del informe Una nación desplazada,2021/09/22 00:00:00+00,0.0189942921849633,0.874294739898142,05134,ANTIOQUIA,CAMPAMENTO,69,240,1535,1301,3145
29,Desplazamiento forzado histórico por municipios en Colombia,1980-2014,Elaboración propia del CNMH. Información geográfica del informe Una nación desplazada,2021/09/22 00:00:00+00,0.0298102278748356,1.06194545648218,05138,ANTIOQUIA,CAÑASGORDAS,133,991,4220,2040,7384
30,Desplazamiento forzado histórico por municipios en Colombia,1980-2014,Elaboración propia del CNMH. Información geográfica del informe Una nación desplazada,2021/09/22 00:00:00+00,0.0214749880267451,1.01478528565589,05142,ANTIOQUIA,CARACOLÍ,29,114,423,279,845
31,Desplazamiento forzado histórico por municipios en Colombia,1980-2014,Elaboración propia del CNMH. Información geográfica del informe Una nación desplazada,2021/09/22 00:00:00+00,0.00750769732313092,0.500040609864965,05145,ANTIOQUIA,CARAMANTA,6,140,284,194,624
32,Desplazamiento forzado histórico por municipios en Colombia,1980-2014,Elaboración propia del CNMH. Información geográfica del informe Una nación desplazada,2021/09/22 00:00:00+00,0.0316843882377232,1.30890727519093,05147,ANTIOQUIA,CAREPA,329,5344,7126,4847,17646
33,Desplazamiento forzado histórico por municipios en Colombia,1980-2014,Elaboración propia del CNMH. Información geográfica del informe Una nación desplazada,2021/09/22 00:00:00+00,0.0345877939391294,1.39187806836974,05148,ANTIOQUIA,EL CARMEN DE VIBORAL,23,842,5716,1561,8142
34,Desplazamiento forzado histórico por municipios en Colombia,1980-2014,Elaboración propia del CNMH. Información geográfica del informe Una nación desplazada,2021/09/22 00:00:00+00,0.0122291711280062,0.580840647805765,05150,ANTIOQUIA,CAROLINA,1,56,190,89,336
35,Desplazamiento forzado histórico por municipios en Colombia,1980-2014,Elaboración propia del CNMH. Información geográfica del informe Una nación desplazada,2021/09/22 00:00:00+00,0.117064752126532,3.03811214702581,05154,ANTIOQUIA,CAUCASIA,94,707,3266,14060,18127
36,Desplazamiento forzado histórico por municipios en Colombia,1980-2014,Elaboración propia del CNMH. Información geográfica del informe Una nación desplazada,2021/09/22 00:00:00+00,0.0590231957453734,1.61038554469948,05172,ANTIOQUIA,CHIGORODÓ,695,8708,10487,9767,29657
37,Desplazamiento forzado histórico por municipios en Colombia,1980-2014,Elaboración propia del CNMH. Información geográfica del informe Una nación desplazada,2021/09/22 00:00:00+00,0.00383214750901809,0.3879128939381,05190,ANTIOQUIA,CISNEROS,27,143,276,431,877
38,Desplazamiento forzado histórico por municipios en Colombia,1980-2014,Elaboración propia del CNMH. Información geográfica del informe Una nación desplazada,2021/09/22 00:00:00+00,0.0197387241618042,1.12187948750252,05197,ANTIOQUIA,COCORNÁ,190,1462,24355,3549,29556
39,Desplazamiento forzado histórico por municipios en Colombia,1980-2014,Elaboración propia del CNMH. Información geográfica del informe Una nación desplazada,2021/09/22 00:00:00+00,0.0165080224531015,0.715055877612567,05206,ANTIOQUIA,CONCEPCIÓN,4,94,2422,171,2691
40,Desplazamiento forzado histórico por municipios en Colombia,1980-2014,Elaboración propia del CNMH. Información geográfica del informe Una nación desplazada,2021/09/22 00:00:00+00,0.0202276879598427,0.749955373045373,05209,ANTIOQUIA,CONCORDIA,26,188,2149,1131,3494
41,Desplazamiento forzado histórico por municipios en Colombia,1980-2014,Elaboración propia del CNMH. Información geográfica del informe Una nación desplazada,2021/09/22 00:00:00+00,0.0055424869915731,0.514612210722997,05212,ANTIOQUIA,COPACABANA,1,48,272,462,783
42,Desplazamiento forzado histórico por municipios en Colombia,1980-2014,Elaboración propia del CNMH. Información geográfica del informe Una nación desplazada,2021/09/22 00:00:00+00,0.159926483090436,2.59275579286146,05234,ANTIOQUIA,DABEIBA,243,2654,23951,8414,35262
43,Desplazamiento forzado histórico por municipios en Colombia,1980-2014,Elaboración propia del CNMH. Información geográfica del informe Una nación desplazada,2021/09/22 00:00:00+00,0.0166137668057747,0.930370733976745,05237,ANTIOQUIA,DONMATÍAS,1,10,170,285,466
44,Desplazamiento forzado histórico por municipios en Colombia,1980-2014,Elaboración propia del CNMH. Información geográfica del informe Una nación desplazada,2021/09/22 00:00:00+00,0.0194125500366921,0.803674139578519,05240,ANTIOQUIA,EBÉJICO,8,114,312,384,818
45,Desplazamiento forzado histórico por municipios en Colombia,1980-2014,Elaboración propia del CNMH. Información geográfica del informe Una nación desplazada,2021/09/22 00:00:00+00,0.127866886513403,2.29665528858896,05250,ANTIOQUIA,EL BAGRE,267,912,16361,14909,32449
46,Desplazamiento forzado histórico por municipios en Colombia,1980-2014,Elaboración propia del CNMH. Información geográfica del informe Una nación desplazada,2021/09/22 00:00:00+00,0.0175026451810351,0.792397579994763,05264,ANTIOQUIA,ENTRERRÍOS,6,0,77,104,187
47,Desplazamiento forzado histórico por municipios en Colombia,1980-2014,Elaboración propia del CNMH. Información geográfica del informe Una nación desplazada,2021/09/22 00:00:00+00,0.00680351310020929,0.472172321956252,05266,ANTIOQUIA,ENVIGADO,20,66,143,213,442
48,Desplazamiento forzado histórico por municipios en Colombia,1980-2014,Elaboración propia del CNMH. Información geográfica del informe Una nación desplazada,2021/09/22 00:00:00+00,0.0210300797516915,0.862407295470181,05282,ANTIOQUIA,FREDONIA,15,31,263,285,594
49,Desplazamiento forzado histórico por municipios en Colombia,1980-2014,Elaboración propia del CNMH. Información geográfica del informe Una nación desplazada,2021/09/22 00:00:00+00,0.113029442656406,2.38959147676586,05284,ANTIOQUIA,FRONTINO,142,2306,9237,2482,14167
50,Desplazamiento forzado histórico por municipios en Colombia,1980-2014,Elaboración propia del CNMH. Información geográfica del informe Una nación desplazada,2021/09/22 00:00:00+00,0.00763209163617536,0.492792907221766,05306,ANTIOQUIA,GIRALDO,10,110,363,180,663
51,Desplazamiento forzado histórico por municipios en Colombia,1980-2014,Elaboración propia del CNMH. Información geográfica del informe Una nación desplazada,2021/09/22 00:00:00+00,0.0067685245546456,0.414914648810892,05308,ANTIOQUIA,GIRARDOTA,0,33,375,385,793
52,Desplazamiento forzado histórico por municipios en Colombia,1980-2014,Elaboración propia del CNMH. Información geográfica del informe Una nación desplazada,2021/09/22 00:00:00+00,0.0271595323180138,0.906549482246916,05310,ANTIOQUIA,GÓMEZ PLATA,0,31,403,208,642
53,Desplazamiento forzado histórico por municipios en Colombia,1980-2014,Elaboración propia del CNMH. Información geográfica del informe Una nación desplazada,2021/09/22 00:00:00+00,0.0155351735167297,0.763961278628316,05313,ANTIOQUIA,GRANADA,204,1968,26723,2596,31491
54,Desplazamiento forzado histórico por municipios en Colombia,1980-2014,Elaboración propia del CNMH. Información geográfica del informe Una nación desplazada,2021/09/22 00:00:00+00,0.00966689304558577,0.494100110259206,05315,ANTIOQUIA,GUADALUPE,27,140,530,460,1157
55,Desplazamiento forzado histórico por municipios en Colombia,1980-2014,Elaboración propia del CNMH. Información geográfica del informe Una nación desplazada,2021/09/22 00:00:00+00,0.0124010841307713,0.704426650781922,05318,ANTIOQUIA,GUARNE,31,88,576,376,1071
56,Desplazamiento forzado histórico por municipios en Colombia,1980-2014,Elaboración propia del CNMH. Información geográfica del informe Una nación desplazada,2021/09/22 00:00:00+00,0.00680648324931793,0.50045179108658,05321,ANTIOQUIA,GUATAPÉ,11,69,1139,97,1316
57,Desplazamiento forzado histórico por municipios en Colombia,1980-2014,Elaboración propia del CNMH. Información geográfica del informe Una nación desplazada,2021/09/22 00:00:00+00,0.00937908385514391,0.540329343106256,05347,ANTIOQUIA,HELICONIA,7,55,1400,316,1778
58,Desplazamiento forzado histórico por municipios en Colombia,1980-2014,Elaboración propia del CNMH. Información geográfica del informe Una nación desplazada,2021/09/22 00:00:00+00,0.00441932074936107,0.34415828791062,05353,ANTIOQUIA,HISPANIA,14,50,123,57,244
59,Desplazamiento forzado histórico por municipios en Colombia,1980-2014,Elaboración propia del CNMH. Información geográfica del informe Una nación desplazada,2021/09/22 00:00:00+00,0.00160427852864651,0.212419499895305,05360,ANTIOQUIA,ITAGÜÍ,24,213,663,3244,4144
60,Desplazamiento forzado histórico por municipios en Colombia,1980-2014,Elaboración propia del CNMH. Información geográfica del informe Una nación desplazada,2021/09/22 00:00:00+00,0.232428496915685,3.20201359999904,05361,ANTIOQUIA,ITUANGO,161,924,19417,13178,33680
61,Desplazamiento forzado histórico por municipios en Colombia,1980-2014,Elaboración propia del CNMH. Información geográfica del informe Una nación desplazada,2021/09/22 00:00:00+00,0.016406076718736,0.716587701009394,05364,ANTIOQUIA,JARDÍN,14,112,415,529,1070
62,Desplazamiento forzado histórico por municipios en Colombia,1980-2014,Elaboración propia del CNMH. Información geográfica del informe Una nación desplazada,2021/09/22 00:00:00+00,0.0167225134538937,0.742706945939756,05368,ANTIOQUIA,JERICÓ,4,25,116,94,239
63,Desplazamiento forzado histórico por municipios en Colombia,1980-2014,Elaboración propia del CNMH. Información geográfica del informe Una nación desplazada,2021/09/22 00:00:00+00,0.0108338737352036,0.656335285251874,05376,ANTIOQUIA,LA CEJA,27,164,879,531,1601
64,Desplazamiento forzado histórico por municipios en Colombia,1980-2014,Elaboración propia del CNMH. Información geográfica del informe Una nación desplazada,2021/09/22 00:00:00+00,0.00299099211310266,0.284667179154672,05380,ANTIOQUIA,LA ESTRELLA,4,34,109,414,561
65,Desplazamiento forzado histórico por municipios en Colombia,1980-2014,Elaboración propia del CNMH. Información geográfica del informe Una nación desplazada,2021/09/22 00:00:00+00,0.00445735749963663,0.456151805775123,05390,ANTIOQUIA,LA PINTADA,2,28,581,246,857
66,Desplazamiento forzado histórico por municipios en Colombia,1980-2014,Elaboración propia del CNMH. Información geográfica del informe Una nación desplazada,2021/09/22 00:00:00+00,0.0136923849546488,0.681774139818531,05400,ANTIOQUIA,LA UNIÓN,10,649,5525,841,7025
67,Desplazamiento forzado histórico por municipios en Colombia,1980-2014,Elaboración propia del CNMH. Información geográfica del informe Una nación desplazada,2021/09/22 00:00:00+00,0.0176848155404217,0.671059350294664,05411,ANTIOQUIA,LIBORINA,44,495,3496,510,4545
68,Desplazamiento forzado histórico por municipios en Colombia,1980-2014,Elaboración propia del CNMH. Información geográfica del informe Una nación desplazada,2021/09/22 00:00:00+00,0.0316446943034898,1.37747806503417,05425,ANTIOQUIA,MACEO,107,519,807,704,2137
69,Desplazamiento forzado histórico por municipios en Colombia,1980-2014,Elaboración propia del CNMH. Información geográfica del informe Una nación desplazada,2021/09/22 00:00:00+00,0.00937941291874425,0.613405988792641,05440,ANTIOQUIA,MARINILLA,8,124,2582,708,3422
70,Desplazamiento forzado histórico por municipios en Colombia,1980-2014,Elaboración propia del CNMH. Información geográfica del informe Una nación desplazada,2021/09/22 00:00:00+00,0.0062043308508237,0.472159381297801,05467,ANTIOQUIA,MONTEBELLO,15,130,3211,666,4022
71,Desplazamiento forzado histórico por municipios en Colombia,1980-2014,Elaboración propia del CNMH. Información geográfica del informe Una nación desplazada,2021/09/22 00:00:00+00,0.103365965301408,1.87344310617104,05475,ANTIOQUIA,MURINDÓ,59,81,2223,603,2966
72,Desplazamiento forzado histórico por municipios en Colombia,1980-2014,Elaboración propia del CNMH. Información geográfica del informe Una nación desplazada,2021/09/22 00:00:00+00,0.087897257786851,1.66108431613994,05480,ANTIOQUIA,MUTATÁ,569,5257,25643,5339,36808
73,Desplazamiento forzado histórico por municipios en Colombia,1980-2014,Elaboración propia del CNMH. Información geográfica del informe Una nación desplazada,2021/09/22 00:00:00+00,0.0258439686352237,0.991187046491596,05483,ANTIOQUIA,NARIÑO,59,874,7723,8547,17203
74,Desplazamiento forzado histórico por municipios en Colombia,1980-2014,Elaboración propia del CNMH. Información geográfica del informe Una nación desplazada,2021/09/22 00:00:00+00,0.102893036378426,2.41543703070865,05490,ANTIOQUIA,NECOCLÍ,1919,24118,10239,5370,41646
75,Desplazamiento forzado histórico por municipios en Colombia,1980-2014,Elaboración propia del CNMH. Información geográfica del informe Una nación desplazada,2021/09/22 00:00:00+00,0.0768637264749948,2.07198072672575,05495,ANTIOQUIA,NECHÍ,137,491,2916,6808,10352
76,Desplazamiento forzado histórico por municipios en Colombia,1980-2014,Elaboración propia del CNMH. Información geográfica del informe Una nación desplazada,2021/09/22 00:00:00+00,0.00710667891252911,0.471040268877063,05501,ANTIOQUIA,OLAYA,14,37,132,163,346
77,Desplazamiento forzado histórico por municipios en Colombia,1980-2014,Elaboración propia del CNMH. Información geográfica del informe Una nación desplazada,2021/09/22 00:00:00+00,0.00966373841210795,0.618755868334798,05541,ANTIOQUIA,PEÑOL,27,112,3854,717,4710
78,Desplazamiento forzado histórico por municipios en Colombia,1980-2014,Elaboración propia del CNMH. Información geográfica del informe Una nación desplazada,2021/09/22 00:00:00+00,0.0354899887663101,1.12079533951355,05543,ANTIOQUIA,PEQUE,69,235,12853,1010,14167
79,Desplazamiento forzado histórico por municipios en Colombia,1980-2014,Elaboración propia del CNMH. Información geográfica del informe Una nación desplazada,2021/09/22 00:00:00+00,0.00615308537736135,0.547714235641387,05576,ANTIOQUIA,PUEBLORRICO,12,131,760,295,1198
80,Desplazamiento forzado histórico por municipios en Colombia,1980-2014,Elaboración propia del CNMH. Información geográfica del informe Una nación desplazada,2021/09/22 00:00:00+00,0.0997372921704614,1.90234195765696,05579,ANTIOQUIA,PUERTO BERRÍO,307,417,1645,4647,7016
81,Desplazamiento forzado histórico por municipios en Colombia,1980-2014,Elaboración propia del CNMH. Información geográfica del informe Una nación desplazada,2021/09/22 00:00:00+00,0.0546712853829864,1.49077840598686,05585,ANTIOQUIA,PUERTO NARE,200,190,674,1045,2109
82,Desplazamiento forzado histórico por municipios en Colombia,1980-2014,Elaboración propia del CNMH. Información geográfica del informe Una nación desplazada,2021/09/22 00:00:00+00,0.0301782423251373,0.991286948756413,05591,ANTIOQUIA,PUERTO TRIUNFO,88,210,615,779,1692
83,Desplazamiento forzado histórico por municipios en Colombia,1980-2014,Elaboración propia del CNMH. Información geográfica del informe Una nación desplazada,2021/09/22 00:00:00+00,0.161450541652017,3.03131875684729,05604,ANTIOQUIA,REMEDIOS,229,389,4597,4259,9474
84,Desplazamiento forzado histórico por municipios en Colombia,1980-2014,Elaboración propia del CNMH. Información geográfica del informe Una nación desplazada,2021/09/22 00:00:00+00,0.0194513018147537,0.744467934723931,05607,ANTIOQUIA,RETIRO,22,12,353,160,547
85,Desplazamiento forzado histórico por municipios en Colombia,1980-2014,Elaboración propia del CNMH. Información geográfica del informe Una nación desplazada,2021/09/22 00:00:00+00,0.0159987749970457,0.894041866247906,05615,ANTIOQUIA,RIONEGRO,26,89,504,973,1592
86,Desplazamiento forzado histórico por municipios en Colombia,1980-2014,Elaboración propia del CNMH. Información geográfica del informe Una nación desplazada,2021/09/22 00:00:00+00,0.0217249918579814,0.866990350640317,05628,ANTIOQUIA,SABANALARGA,70,474,2774,1443,4761
87,Desplazamiento forzado histórico por municipios en Colombia,1980-2014,Elaboración propia del CNMH. Información geográfica del informe Una nación desplazada,2021/09/22 00:00:00+00,0.00129224267915487,0.173409088629596,05631,ANTIOQUIA,SABANETA,8,12,140,92,252
88,Desplazamiento forzado histórico por municipios en Colombia,1980-2014,Elaboración propia del CNMH. Información geográfica del informe Una nación desplazada,2021/09/22 00:00:00+00,0.0235148809021443,0.899828286635506,05642,ANTIOQUIA,SALGAR,101,582,4245,1938,6866
89,Desplazamiento forzado histórico por municipios en Colombia,1980-2014,Elaboración propia del CNMH. Información geográfica del informe Una nación desplazada,2021/09/22 00:00:00+00,0.0169121379469128,0.874565037191915,05647,ANTIOQUIA,SAN ANDRÉS DE CUERQUÍA,27,146,1310,1117,2600
90,Desplazamiento forzado histórico por municipios en Colombia,1980-2014,Elaboración propia del CNMH. Información geográfica del informe Una nación desplazada,2021/09/22 00:00:00+00,0.058636825180827,1.39724958076565,05649,ANTIOQUIA,SAN CARLOS,323,1142,28671,3874,34010
91,Desplazamiento forzado histórico por municipios en Colombia,1980-2014,Elaboración propia del CNMH. Información geográfica del informe Una nación desplazada,2021/09/22 00:00:00+00,0.0290950437307738,1.14841797000318,05652,ANTIOQUIA,SAN FRANCISCO,115,837,13403,1841,16196
92,Desplazamiento forzado histórico por municipios en Colombia,1980-2014,Elaboración propia del CNMH. Información geográfica del informe Una nación desplazada,2021/09/22 00:00:00+00,0.0131717571213084,0.567213980597452,05656,ANTIOQUIA,SAN JERÓNIMO,9,61,430,235,735
93,Desplazamiento forzado histórico por municipios en Colombia,1980-2014,Elaboración propia del CNMH. Información geográfica del informe Una nación desplazada,2021/09/22 00:00:00+00,0.0103054582085198,0.495454373088909,05658,ANTIOQUIA,SAN JOSÉ DE LA MONTAÑA,12,85,478,211,786
94,Desplazamiento forzado histórico por municipios en Colombia,1980-2014,Elaboración propia del CNMH. Información geográfica del informe Una nación desplazada,2021/09/22 00:00:00+00,0.0206704989918285,0.810205294632363,05659,ANTIOQUIA,SAN JUAN DE URABÁ,476,3585,6169,2488,12718
95,Desplazamiento forzado histórico por municipios en Colombia,1980-2014,Elaboración propia del CNMH. Información geográfica del informe Una nación desplazada,2021/09/22 00:00:00+00,0.0347556657378798,1.06166350009199,05660,ANTIOQUIA,SAN LUIS,339,995,25182,1939,28455
96,Desplazamiento forzado histórico por municipios en Colombia,1980-2014,Elaboración propia del CNMH. Información geográfica del informe Una nación desplazada,2021/09/22 00:00:00+00,0.0180475684378987,0.830307598045667,05664,ANTIOQUIA,SAN PEDRO DE LOS MILAGROS,225,2269,2460,2123,7077
97,Desplazamiento forzado histórico por municipios en Colombia,1980-2014,Elaboración propia del CNMH. Información geográfica del informe Una nación desplazada,2021/09/22 00:00:00+00,0.0493900779758299,1.70954788706461,05665,ANTIOQUIA,SAN PEDRO DE URABÁ,615,10999,9909,4858,26381
98,Desplazamiento forzado histórico por municipios en Colombia,1980-2014,Elaboración propia del CNMH. Información geográfica del informe Una nación desplazada,2021/09/22 00:00:00+00,0.0297336423224568,1.0395922494192,05667,ANTIOQUIA,SAN RAFAEL,399,615,17515,3376,21905
99,Desplazamiento forzado histórico por municipios en Colombia,1980-2014,Elaboración propia del CNMH. Información geográfica del informe Una nación desplazada,2021/09/22 00:00:00+00,0.0347217780986562,1.22079807298576,05670,ANTIOQUIA,SAN ROQUE,63,1104,4886,1173,7226
100,Desplazamiento forzado histórico por municipios en Colombia,1980-2014,Elaboración propia del CNMH. Información geográfica del informe Una nación desplazada,2021/09/22 00:00:00+00,0.0188274909636447,0.771036626908639,05674,ANTIOQUIA,SAN VICENTE FERRER,5,699,5292,1101,7097
101,Desplazamiento forzado histórico por municipios en Colombia,1980-2014,Elaboración propia del CNMH. Información geográfica del informe Una nación desplazada,2021/09/22 00:00:00+00,0.0160080079612586,0.852976090805488,05679,ANTIOQUIA,SANTA BÁRBARA,13,146,1843,720,2722
102,Desplazamiento forzado histórico por municipios en Colombia,1980-2014,Elaboración propia del CNMH. Información geográfica del informe Una nación desplazada,2021/09/22 00:00:00+00,0.0706959982347821,1.89030032812232,05686,ANTIOQUIA,SANTA ROSA DE OSOS,6,139,761,1008,1914
103,Desplazamiento forzado histórico por municipios en Colombia,1980-2014,Elaboración propia del CNMH. Información geográfica del informe Una nación desplazada,2021/09/22 00:00:00+00,0.0217377719344701,1.07034176838534,05690,ANTIOQUIA,SANTO DOMINGO,27,373,2611,1020,4031
104,Desplazamiento forzado histórico por municipios en Colombia,1980-2014,Elaboración propia del CNMH. Información geográfica del informe Una nación desplazada,2021/09/22 00:00:00+00,0.00681409136330657,0.61058894163126,05697,ANTIOQUIA,EL SANTUARIO,4,194,3492,594,4284
105,Desplazamiento forzado histórico por municipios en Colombia,1980-2014,Elaboración propia del CNMH. Información geográfica del informe Una nación desplazada,2021/09/22 00:00:00+00,0.0923207897480506,1.92009583523562,05736,ANTIOQUIA,SEGOVIA,312,661,3740,7422,12135
106,Desplazamiento forzado histórico por municipios en Colombia,1980-2014,Elaboración propia del CNMH. Información geográfica del informe Una nación desplazada,2021/09/22 00:00:00+00,0.109885510605066,3.20676306259293,05756,ANTIOQUIA,SONSÓN,165,1251,12663,6974,21053
107,Desplazamiento forzado histórico por municipios en Colombia,1980-2014,Elaboración propia del CNMH. Información geográfica del informe Una nación desplazada,2021/09/22 00:00:00+00,0.0178275158776778,0.85122004243317,05761,ANTIOQUIA,SOPETRÁN,37,177,224,629,1067
108,Desplazamiento forzado histórico por municipios en Colombia,1980-2014,Elaboración propia del CNMH. Información geográfica del informe Una nación desplazada,2021/09/22 00:00:00+00,0.0205737227179075,0.791710098964331,05789,ANTIOQUIA,TÁMESIS,34,174,855,480,1543
109,Desplazamiento forzado histórico por municipios en Colombia,1980-2014,Elaboración propia del CNMH. Información geográfica del informe Una nación desplazada,2021/09/22 00:00:00+00,0.094076302628031,2.3832505492678,05790,ANTIOQUIA,TARAZÁ,140,853,7885,16395,25273
110,Desplazamiento forzado histórico por municipios en Colombia,1980-2014,Elaboración propia del CNMH. Información geográfica del informe Una nación desplazada,2021/09/22 00:00:00+00,0.00982890618714111,0.462148677887999,05792,ANTIOQUIA,TARSO,9,111,220,94,434
111,Desplazamiento forzado histórico por municipios en Colombia,1980-2014,Elaboración propia del CNMH. Información geográfica del informe Una nación desplazada,2021/09/22 00:00:00+00,0.0114538361981389,0.48682151287686,05809,ANTIOQUIA,TITIRIBÍ,0,24,277,186,487
112,Desplazamiento forzado histórico por municipios en Colombia,1980-2014,Elaboración propia del CNMH. Información geográfica del informe Una nación desplazada,2021/09/22 00:00:00+00,0.0109940269363319,0.496301638813534,05819,ANTIOQUIA,TOLEDO,8,211,2044,914,3177
113,Desplazamiento forzado histórico por municipios en Colombia,1980-2014,Elaboración propia del CNMH. Información geográfica del informe Una nación desplazada,2021/09/22 00:00:00+00,0.239268832725572,6.6560069285326,05837,ANTIOQUIA,TURBO,4560,46633,43710,24906,119809
114,Desplazamiento forzado histórico por municipios en Colombia,1980-2014,Elaboración propia del CNMH. Información geográfica del informe Una nación desplazada,2021/09/22 00:00:00+00,0.0217306527726704,0.922633352908513,05842,ANTIOQUIA,URAMITA,89,844,4294,1561,6788
115,Desplazamiento forzado histórico por municipios en Colombia,1980-2014,Elaboración propia del CNMH. Información geográfica del informe Una nación desplazada,2021/09/22 00:00:00+00,0.209195412538046,2.85526776080895,05847,ANTIOQUIA,URRAO,184,1677,19087,14964,35912
116,Desplazamiento forzado histórico por municipios en Colombia,1980-2014,Elaboración propia del CNMH. Información geográfica del informe Una nación desplazada,2021/09/22 00:00:00+00,0.0464594522087251,1.53096262160593,05854,ANTIOQUIA,VALDIVIA,108,498,1776,5319,7701
117,Desplazamiento forzado histórico por municipios en Colombia,1980-2014,Elaboración propia del CNMH. Información geográfica del informe Una nación desplazada,2021/09/22 00:00:00+00,0.010293424559797,0.572498057141771,05856,ANTIOQUIA,VALPARAÍSO,30,41,204,116,391
118,Desplazamiento forzado histórico por municipios en Colombia,1980-2014,Elaboración propia del CNMH. Información geográfica del informe Una nación desplazada,2021/09/22 00:00:00+00,0.0442360825921973,1.76499235404711,05858,ANTIOQUIA,VEGACHÍ,74,393,2254,2156,4877
119,Desplazamiento forzado histórico por municipios en Colombia,1980-2014,Elaboración propia del CNMH. Información geográfica del informe Una nación desplazada,2021/09/22 00:00:00+00,0.0113972205245036,0.596161869447995,05861,ANTIOQUIA,VENECIA,1,59,427,273,760
120,Desplazamiento forzado histórico por municipios en Colombia,1980-2014,Elaboración propia del CNMH. Información geográfica del informe Una nación desplazada,2021/09/22 00:00:00+00,0.135566774592854,2.9890485755057,05873,ANTIOQUIA,VIGÍA DEL FUERTE,18,153,9210,3540,12921
121,Desplazamiento forzado histórico por municipios en Colombia,1980-2014,Elaboración propia del CNMH. Información geográfica del informe Una nación desplazada,2021/09/22 00:00:00+00,0.0360515340846158,1.41967172639124,05885,ANTIOQUIA,YALÍ,10,140,1087,425,1662
122,Desplazamiento forzado histórico por municipios en Colombia,1980-2014,Elaboración propia del CNMH. Información geográfica del informe Una nación desplazada,2021/09/22 00:00:00+00,0.0582778574804529,1.73634297246841,05887,ANTIOQUIA,YARUMAL,41,417,1858,4056,6372
123,Desplazamiento forzado histórico por municipios en Colombia,1980-2014,Elaboración propia del CNMH. Información geográfica del informe Una nación desplazada,2021/09/22 00:00:00+00,0.0827807804921985,2.83665526360606,05890,ANTIOQUIA,YOLOMBÓ,76,425,3838,1484,5823
124,Desplazamiento forzado histórico por municipios en Colombia,1980-2014,Elaboración propia del CNMH. Información geográfica del informe Una nación desplazada,2021/09/22 00:00:00+00,0.155050835296073,2.3435409620453,05893,ANTIOQUIA,YONDÓ,212,533,8525,6084,15354
125,Desplazamiento forzado histórico por municipios en Colombia,1980-2014,Elaboración propia del CNMH. Información geográfica del informe Una nación desplazada,2021/09/22 00:00:00+00,0.0956105636582161,2.45041485712976,05895,ANTIOQUIA,ZARAGOZA,91,389,4100,8583,13163
126,Desplazamiento forzado histórico por municipios en Colombia,1980-2014,Elaboración propia del CNMH. Información geográfica del informe Una nación desplazada,2021/09/22 00:00:00+00,0.0127573297262214,0.816708677308542,08001,ATLÁNTICO,BARRANQUILLA,21,175,1823,3770,5789
127,Desplazamiento forzado histórico por municipios en Colombia,1980-2014,Elaboración propia del CNMH. Información geográfica del informe Una nación desplazada,2021/09/22 00:00:00+00,0.0100290630743504,0.728224102728592,08078,ATLÁNTICO,BARANOA,0,1,178,430,609
128,Desplazamiento forzado histórico por municipios en Colombia,1980-2014,Elaboración propia del CNMH. Información geográfica del informe Una nación desplazada,2021/09/22 00:00:00+00,0.00825426477280231,0.653301258806028,08137,ATLÁNTICO,CAMPO DE LA CRUZ,0,7,55,64,126
129,Desplazamiento forzado histórico por municipios en Colombia,1980-2014,Elaboración propia del CNMH. Información geográfica del informe Una nación desplazada,2021/09/22 00:00:00+00,0.0112103416130555,0.572123742387591,08141,ATLÁNTICO,CANDELARIA,0,6,30,48,84
130,Desplazamiento forzado histórico por municipios en Colombia,1980-2014,Elaboración propia del CNMH. Información geográfica del informe Una nación desplazada,2021/09/22 00:00:00+00,0.00806211248864721,0.422918248752649,08296,ATLÁNTICO,GALAPA,0,21,104,347,472
131,Desplazamiento forzado histórico por municipios en Colombia,1980-2014,Elaboración propia del CNMH. Información geográfica del informe Una nación desplazada,2021/09/22 00:00:00+00,0.0138777717205268,0.745134054779361,08372,ATLÁNTICO,JUAN DE ACOSTA,0,5,37,29,71
132,Desplazamiento forzado histórico por municipios en Colombia,1980-2014,Elaboración propia del CNMH. Información geográfica del informe Una nación desplazada,2021/09/22 00:00:00+00,0.0185277268304064,0.702921992478117,08421,ATLÁNTICO,LURUACO,0,2,283,355,640
133,Desplazamiento forzado histórico por municipios en Colombia,1980-2014,Elaboración propia del CNMH. Información geográfica del informe Una nación desplazada,2021/09/22 00:00:00+00,0.00809667821156058,0.499133214769315,08433,ATLÁNTICO,MALAMBO,0,4,226,666,896
134,Desplazamiento forzado histórico por municipios en Colombia,1980-2014,Elaboración propia del CNMH. Información geográfica del informe Una nación desplazada,2021/09/22 00:00:00+00,0.0176894395856773,0.722897808025045,08436,ATLÁNTICO,MANATÍ,9,13,79,50,151
135,Desplazamiento forzado histórico por municipios en Colombia,1980-2014,Elaboración propia del CNMH. Información geográfica del informe Una nación desplazada,2021/09/22 00:00:00+00,0.0076295769365451,0.449463687426556,08520,ATLÁNTICO,PALMAR DE VARELA,0,0,73,43,116
136,Desplazamiento forzado histórico por municipios en Colombia,1980-2014,Elaboración propia del CNMH. Información geográfica del informe Una nación desplazada,2021/09/22 00:00:00+00,0.0208977806035587,0.746976217747414,08549,ATLÁNTICO,PIOJÓ,0,9,302,116,427
137,Desplazamiento forzado histórico por municipios en Colombia,1980-2014,Elaboración propia del CNMH. Información geográfica del informe Una nación desplazada,2021/09/22 00:00:00+00,0.00610440489572545,0.446758718512117,08558,ATLÁNTICO,POLONUEVO,0,7,78,55,140
138,Desplazamiento forzado histórico por municipios en Colombia,1980-2014,Elaboración propia del CNMH. Información geográfica del informe Una nación desplazada,2021/09/22 00:00:00+00,0.0170596796218513,0.783522947077668,08560,ATLÁNTICO,PONEDERA,0,1,102,68,171
139,Desplazamiento forzado histórico por municipios en Colombia,1980-2014,Elaboración propia del CNMH. Información geográfica del informe Una nación desplazada,2021/09/22 00:00:00+00,0.00574275407001485,0.611950809769564,08573,ATLÁNTICO,PUERTO COLOMBIA,0,0,62,99,161
140,Desplazamiento forzado histórico por municipios en Colombia,1980-2014,Elaboración propia del CNMH. Información geográfica del informe Una nación desplazada,2021/09/22 00:00:00+00,0.0296021401854513,0.763510551585755,08606,ATLÁNTICO,REPELÓN,0,22,859,126,1007
141,Desplazamiento forzado histórico por municipios en Colombia,1980-2014,Elaboración propia del CNMH. Información geográfica del informe Una nación desplazada,2021/09/22 00:00:00+00,0.00356335035950396,0.304919897636576,08634,ATLÁNTICO,SABANAGRANDE,0,15,190,218,423
142,Desplazamiento forzado histórico por municipios en Colombia,1980-2014,Elaboración propia del CNMH. Información geográfica del informe Una nación desplazada,2021/09/22 00:00:00+00,0.0326996606292435,0.95442131840377,08638,ATLÁNTICO,SABANALARGA,1,6,361,531,899
143,Desplazamiento forzado histórico por municipios en Colombia,1980-2014,Elaboración propia del CNMH. Información geográfica del informe Una nación desplazada,2021/09/22 00:00:00+00,0.00473447973871229,0.42187399576954,08675,ATLÁNTICO,SANTA LUCÍA,0,0,52,45,97
144,Desplazamiento forzado histórico por municipios en Colombia,1980-2014,Elaboración propia del CNMH. Información geográfica del informe Una nación desplazada,2021/09/22 00:00:00+00,0.00537188022515042,0.444856984592265,08685,ATLÁNTICO,SANTO TOMÁS,0,0,37,143,180
145,Desplazamiento forzado histórico por municipios en Colombia,1980-2014,Elaboración propia del CNMH. Información geográfica del informe Una nación desplazada,2021/09/22 00:00:00+00,0.00490788706996749,0.420050955845316,08758,ATLÁNTICO,SOLEDAD,0,19,531,1626,2176
146,Desplazamiento forzado histórico por municipios en Colombia,1980-2014,Elaboración propia del CNMH. Información geográfica del informe Una nación desplazada,2021/09/22 00:00:00+00,0.003511980999534,0.298067360767989,08770,ATLÁNTICO,SUAN,1,3,49,45,98
147,Desplazamiento forzado histórico por municipios en Colombia,1980-2014,Elaboración propia del CNMH. Información geográfica del informe Una nación desplazada,2021/09/22 00:00:00+00,0.0151152381287398,0.76310932641096,08832,ATLÁNTICO,TUBARÁ,0,10,70,74,154
148,Desplazamiento forzado histórico por municipios en Colombia,1980-2014,Elaboración propia del CNMH. Información geográfica del informe Una nación desplazada,2021/09/22 00:00:00+00,0.00837697776869389,0.549904546820322,08849,ATLÁNTICO,USIACURÍ,0,0,4,27,31
149,Desplazamiento forzado histórico por municipios en Colombia,1980-2014,Elaboración propia del CNMH. Información geográfica del informe Una nación desplazada,2021/09/22 00:00:00+00,0.132207884360334,3.76532357991585,11001,"BOGOTÁ, D.C.","BOGOTÁ, D.C.",56,314,1838,7674,9882
150,Desplazamiento forzado histórico por municipios en Colombia,1980-2014,Elaboración propia del CNMH. Información geográfica del informe Una nación desplazada,2021/09/22 00:00:00+00,0.0493876117821954,4.23788629940684,13001,BOLÍVAR,CARTAGENA DE INDIAS,46,285,8974,4879,14184
151,Desplazamiento forzado histórico por municipios en Colombia,1980-2014,Elaboración propia del CNMH. Información geográfica del informe Una nación desplazada,2021/09/22 00:00:00+00,0.0781762791477421,1.83809847612585,13006,BOLÍVAR,ACHÍ,111,972,9914,4365,15362
152,Desplazamiento forzado histórico por municipios en Colombia,1980-2014,Elaboración propia del CNMH. Información geográfica del informe Una nación desplazada,2021/09/22 00:00:00+00,0.0249554580719075,0.994051996051825,13030,BOLÍVAR,ALTOS DEL ROSARIO,91,216,7911,2129,10347
153,Desplazamiento forzado histórico por municipios en Colombia,1980-2014,Elaboración propia del CNMH. Información geográfica del informe Una nación desplazada,2021/09/22 00:00:00+00,0.0379220499677,1.55968933807246,13042,BOLÍVAR,ARENAL,32,179,3563,2007,5781
154,Desplazamiento forzado histórico por municipios en Colombia,1980-2014,Elaboración propia del CNMH. Información geográfica del informe Una nación desplazada,2021/09/22 00:00:00+00,0.0484895347652872,1.33764734037851,13052,BOLÍVAR,ARJONA,9,30,1010,943,1992
155,Desplazamiento forzado histórico por municipios en Colombia,1980-2014,Elaboración propia del CNMH. Información geográfica del informe Una nación desplazada,2021/09/22 00:00:00+00,0.0135140706549257,0.783312143717294,13062,BOLÍVAR,ARROYOHONDO,13,21,829,111,974
156,Desplazamiento forzado histórico por municipios en Colombia,1980-2014,Elaboración propia del CNMH. Información geográfica del informe Una nación desplazada,2021/09/22 00:00:00+00,0.0354075838277957,1.60136995938128,13074,BOLÍVAR,BARRANCO DE LOBA,38,387,8636,4957,14018
157,Desplazamiento forzado histórico por municipios en Colombia,1980-2014,Elaboración propia del CNMH. Información geográfica del informe Una nación desplazada,2021/09/22 00:00:00+00,0.0210652930421062,1.29215209497993,13140,BOLÍVAR,CALAMAR,27,109,2807,935,3878
158,Desplazamiento forzado histórico por municipios en Colombia,1980-2014,Elaboración propia del CNMH. Información geográfica del informe Una nación desplazada,2021/09/22 00:00:00+00,0.0721742235811613,1.71172103982017,13160,BOLÍVAR,CANTAGALLO,19,52,6876,5348,12295
159,Desplazamiento forzado histórico por municipios en Colombia,1980-2014,Elaboración propia del CNMH. Información geográfica del informe Una nación desplazada,2021/09/22 00:00:00+00,0.0109566931731815,0.517303099980831,13188,BOLÍVAR,CICUCO,12,26,505,248,791
160,Desplazamiento forzado histórico por municipios en Colombia,1980-2014,Elaboración propia del CNMH. Información geográfica del informe Una nación desplazada,2021/09/22 00:00:00+00,0.0491792762916378,1.20593878874371,13212,BOLÍVAR,CÓRDOBA,106,616,21205,3390,25317
161,Desplazamiento forzado histórico por municipios en Colombia,1980-2014,Elaboración propia del CNMH. Información geográfica del informe Una nación desplazada,2021/09/22 00:00:00+00,0.00704906713268156,0.699896918970542,13222,BOLÍVAR,CLEMENCIA,1,19,880,452,1352
162,Desplazamiento forzado histórico por municipios en Colombia,1980-2014,Elaboración propia del CNMH. Información geográfica del informe Una nación desplazada,2021/09/22 00:00:00+00,0.0779340778790209,2.06881609357259,13244,BOLÍVAR,EL CARMEN DE BOLÍVAR,462,3883,90778,17452,112575
163,Desplazamiento forzado histórico por municipios en Colombia,1980-2014,Elaboración propia del CNMH. Información geográfica del informe Una nación desplazada,2021/09/22 00:00:00+00,0.031594666098811,0.896926230856306,13248,BOLÍVAR,EL GUAMO,8,1090,1812,856,3766
164,Desplazamiento forzado histórico por municipios en Colombia,1980-2014,Elaboración propia del CNMH. Información geográfica del informe Una nación desplazada,2021/09/22 00:00:00+00,0.0262152613307631,0.934838567253918,13268,BOLÍVAR,EL PEÑÓN,6,66,1413,594,2079
165,Desplazamiento forzado histórico por municipios en Colombia,1980-2014,Elaboración propia del CNMH. Información geográfica del informe Una nación desplazada,2021/09/22 00:00:00+00,0.0356568409825106,1.43678062896435,13433,BOLÍVAR,MAHATES,4,243,3694,653,4594
166,Desplazamiento forzado histórico por municipios en Colombia,1980-2014,Elaboración propia del CNMH. Información geográfica del informe Una nación desplazada,2021/09/22 00:00:00+00,0.0241520517397806,1.03056497246215,13440,BOLÍVAR,MARGARITA,1,86,245,298,630
167,Desplazamiento forzado histórico por municipios en Colombia,1980-2014,Elaboración propia del CNMH. Información geográfica del informe Una nación desplazada,2021/09/22 00:00:00+00,0.0462608118925115,1.39203574669144,13442,BOLÍVAR,MARÍA LA BAJA,110,1001,21024,7278,29413
168,Desplazamiento forzado histórico por municipios en Colombia,1980-2014,Elaboración propia del CNMH. Información geográfica del informe Una nación desplazada,2021/09/22 00:00:00+00,0.171648538412786,3.38102201682955,13458,BOLÍVAR,MONTECRISTO,91,555,15791,7797,24234
169,Desplazamiento forzado histórico por municipios en Colombia,1980-2014,Elaboración propia del CNMH. Información geográfica del informe Una nación desplazada,2021/09/22 00:00:00+00,0.0536395289052803,1.37286128369207,13468,BOLÍVAR,SANTA CRUZ DE MOMPOX,69,155,1249,1490,2963
170,Desplazamiento forzado histórico por municipios en Colombia,1980-2014,Elaboración propia del CNMH. Información geográfica del informe Una nación desplazada,2021/09/22 00:00:00+00,0.110590715595613,2.09196763973709,13473,BOLÍVAR,MORALES,71,510,7424,4548,12553
171,Desplazamiento forzado histórico por municipios en Colombia,1980-2014,Elaboración propia del CNMH. Información geográfica del informe Una nación desplazada,2021/09/22 00:00:00+00,0.0341937798625143,1.23001517575298,13490,BOLÍVAR,NOROSÍ,12,60,858,1086,2016
172,Desplazamiento forzado histórico por municipios en Colombia,1980-2014,Elaboración propia del CNMH. Información geográfica del informe Una nación desplazada,2021/09/22 00:00:00+00,0.0637487247227464,2.15886254415801,13549,BOLÍVAR,PINILLOS,67,441,3772,2847,7127
173,Desplazamiento forzado histórico por municipios en Colombia,1980-2014,Elaboración propia del CNMH. Información geográfica del informe Una nación desplazada,2021/09/22 00:00:00+00,0.0150733562528479,0.898604571761149,13580,BOLÍVAR,REGIDOR,43,126,1714,628,2511
174,Desplazamiento forzado histórico por municipios en Colombia,1980-2014,Elaboración propia del CNMH. Información geográfica del informe Una nación desplazada,2021/09/22 00:00:00+00,0.0694082754217317,3.03057965514628,13600,BOLÍVAR,RÍO VIEJO,55,214,9371,2067,11707
175,Desplazamiento forzado histórico por municipios en Colombia,1980-2014,Elaboración propia del CNMH. Información geográfica del informe Una nación desplazada,2021/09/22 00:00:00+00,0.00348843335586234,0.301724884569421,13620,BOLÍVAR,SAN CRISTÓBAL,1,39,371,145,556
176,Desplazamiento forzado histórico por municipios en Colombia,1980-2014,Elaboración propia del CNMH. Información geográfica del informe Una nación desplazada,2021/09/22 00:00:00+00,0.0174648073877117,0.715869716650995,13647,BOLÍVAR,SAN ESTANISLAO,7,22,877,226,1132
177,Desplazamiento forzado histórico por municipios en Colombia,1980-2014,Elaboración propia del CNMH. Información geográfica del informe Una nación desplazada,2021/09/22 00:00:00+00,0.0364937883821353,1.34925514504123,13654,BOLÍVAR,SAN JACINTO,161,1633,24774,5416,31984
178,Desplazamiento forzado histórico por municipios en Colombia,1980-2014,Elaboración propia del CNMH. Información geográfica del informe Una nación desplazada,2021/09/22 00:00:00+00,0.046768203043163,1.79483464602497,13655,BOLÍVAR,SAN JACINTO DEL CAUCA,15,180,1906,1153,3254
179,Desplazamiento forzado histórico por municipios en Colombia,1980-2014,Elaboración propia del CNMH. Información geográfica del informe Una nación desplazada,2021/09/22 00:00:00+00,0.0520297444205879,1.66243803071518,13657,BOLÍVAR,SAN JUAN NEPOMUCENO,80,1370,15806,9531,26787
180,Desplazamiento forzado histórico por municipios en Colombia,1980-2014,Elaboración propia del CNMH. Información geográfica del informe Una nación desplazada,2021/09/22 00:00:00+00,0.0370002269379656,1.44707982697115,13667,BOLÍVAR,SAN MARTÍN DE LOBA,200,454,6274,2492,9420
181,Desplazamiento forzado histórico por municipios en Colombia,1980-2014,Elaboración propia del CNMH. Información geográfica del informe Una nación desplazada,2021/09/22 00:00:00+00,0.165538703561181,3.25382031862686,13670,BOLÍVAR,SAN PABLO,200,468,15236,21534,37438
182,Desplazamiento forzado histórico por municipios en Colombia,1980-2014,Elaboración propia del CNMH. Información geográfica del informe Una nación desplazada,2021/09/22 00:00:00+00,0.0142719183128339,1.05106210273205,13673,BOLÍVAR,SANTA CATALINA,0,29,467,388,884
183,Desplazamiento forzado histórico por municipios en Colombia,1980-2014,Elaboración propia del CNMH. Información geográfica del informe Una nación desplazada,2021/09/22 00:00:00+00,0.0127666650480274,0.612740285580034,13683,BOLÍVAR,SANTA ROSA,42,196,3259,6502,9999
184,Desplazamiento forzado histórico por municipios en Colombia,1980-2014,Elaboración propia del CNMH. Información geográfica del informe Una nación desplazada,2021/09/22 00:00:00+00,0.195324627728917,3.34844487310836,13688,BOLÍVAR,SANTA ROSA DEL SUR,40,123,5520,7858,13541
185,Desplazamiento forzado histórico por municipios en Colombia,1980-2014,Elaboración propia del CNMH. Información geográfica del informe Una nación desplazada,2021/09/22 00:00:00+00,0.111065755859747,2.57195011748292,13744,BOLÍVAR,SIMITÍ,96,399,8219,7663,16377
186,Desplazamiento forzado histórico por municipios en Colombia,1980-2014,Elaboración propia del CNMH. Información geográfica del informe Una nación desplazada,2021/09/22 00:00:00+00,0.00764150068095254,0.548697562275594,13760,BOLÍVAR,SOPLAVIENTO,0,6,136,124,266
187,Desplazamiento forzado histórico por municipios en Colombia,1980-2014,Elaboración propia del CNMH. Información geográfica del informe Una nación desplazada,2021/09/22 00:00:00+00,0.0205151904285531,0.914095537845807,13780,BOLÍVAR,TALAIGUA NUEVO,2,51,299,306,658
188,Desplazamiento forzado histórico por municipios en Colombia,1980-2014,Elaboración propia del CNMH. Información geográfica del informe Una nación desplazada,2021/09/22 00:00:00+00,0.0626418223957862,1.60994232702886,13810,BOLÍVAR,TIQUISIO,210,783,19348,5364,25705
189,Desplazamiento forzado histórico por municipios en Colombia,1980-2014,Elaboración propia del CNMH. Información geográfica del informe Una nación desplazada,2021/09/22 00:00:00+00,0.016664488390798,0.688469892565292,13836,BOLÍVAR,TURBACO,0,112,1801,971,2884
190,Desplazamiento forzado histórico por municipios en Colombia,1980-2014,Elaboración propia del CNMH. Información geográfica del informe Una nación desplazada,2021/09/22 00:00:00+00,0.0157648562511414,1.03201015288465,13838,BOLÍVAR,TURBANÁ,0,156,265,194,615
191,Desplazamiento forzado histórico por municipios en Colombia,1980-2014,Elaboración propia del CNMH. Información geográfica del informe Una nación desplazada,2021/09/22 00:00:00+00,0.0113182431427885,0.674135265094589,13873,BOLÍVAR,VILLANUEVA,7,51,4657,1240,5955
192,Desplazamiento forzado histórico por municipios en Colombia,1980-2014,Elaboración propia del CNMH. Información geográfica del informe Una nación desplazada,2021/09/22 00:00:00+00,0.025468938078542,0.817799885697125,13894,BOLÍVAR,ZAMBRANO,43,536,15569,1690,17838
193,Desplazamiento forzado histórico por municipios en Colombia,1980-2014,Elaboración propia del CNMH. Información geográfica del informe Una nación desplazada,2021/09/22 00:00:00+00,0.0159746942619228,1.17836833336067,13300,BOLÍVAR,HATILLO DE LOBA,9,29,311,311,660
194,Desplazamiento forzado histórico por municipios en Colombia,1980-2014,Elaboración propia del CNMH. Información geográfica del informe Una nación desplazada,2021/09/22 00:00:00+00,0.0260994829057366,1.11682651091754,13650,BOLÍVAR,SAN FERNANDO,2,40,191,276,509
195,Desplazamiento forzado histórico por municipios en Colombia,1980-2014,Elaboración propia del CNMH. Información geográfica del informe Una nación desplazada,2021/09/22 00:00:00+00,0.0929433923467126,2.23269101077077,13430,BOLÍVAR,MAGANGUÉ,90,636,6489,6926,14141
196,Desplazamiento forzado histórico por municipios en Colombia,1980-2014,Elaboración propia del CNMH. Información geográfica del informe Una nación desplazada,2021/09/22 00:00:00+00,0.0097662480785633,0.572326860420368,15001,BOYACÁ,TUNJA,3,3,133,116,255
197,Desplazamiento forzado histórico por municipios en Colombia,1980-2014,Elaboración propia del CNMH. Información geográfica del informe Una nación desplazada,2021/09/22 00:00:00+00,0.00470175865913656,0.348469204483529,15022,BOYACÁ,ALMEIDA,0,0,15,23,38
198,Desplazamiento forzado histórico por municipios en Colombia,1980-2014,Elaboración propia del CNMH. Información geográfica del informe Una nación desplazada,2021/09/22 00:00:00+00,0.0768435036445189,1.80031146583135,15047,BOYACÁ,AQUITANIA,0,75,395,290,760
199,Desplazamiento forzado histórico por municipios en Colombia,1980-2014,Elaboración propia del CNMH. Información geográfica del informe Una nación desplazada,2021/09/22 00:00:00+00,0.0112567377613685,0.752708972046452,15051,BOYACÁ,ARCABUCO,0,0,2,0,2
200,Desplazamiento forzado histórico por municipios en Colombia,1980-2014,Elaboración propia del CNMH. Información geográfica del informe Una nación desplazada,2021/09/22 00:00:00+00,0.0133149202288934,0.629348882238704,15087,BOYACÁ,BELÉN,0,0,52,43,95
201,Desplazamiento forzado histórico por municipios en Colombia,1980-2014,Elaboración propia del CNMH. Información geográfica del informe Una nación desplazada,2021/09/22 00:00:00+00,0.00473084990047277,0.429174258831221,15090,BOYACÁ,BERBEO,5,43,56,22,126
202,Desplazamiento forzado histórico por municipios en Colombia,1980-2014,Elaboración propia del CNMH. Información geográfica del informe Una nación desplazada,2021/09/22 00:00:00+00,0.00831780959312416,0.473818437149455,15092,BOYACÁ,BETÉITIVA,0,3,7,8,18
203,Desplazamiento forzado histórico por municipios en Colombia,1980-2014,Elaboración propia del CNMH. Información geográfica del informe Una nación desplazada,2021/09/22 00:00:00+00,0.0118677431105895,0.659782165997255,15097,BOYACÁ,BOAVITA,0,0,67,36,103
204,Desplazamiento forzado histórico por municipios en Colombia,1980-2014,Elaboración propia del CNMH. Información geográfica del informe Una nación desplazada,2021/09/22 00:00:00+00,0.00391802184908902,0.32561395162768,15104,BOYACÁ,BOYACÁ,13,12,121,73,219
205,Desplazamiento forzado histórico por municipios en Colombia,1980-2014,Elaboración propia del CNMH. Información geográfica del informe Una nación desplazada,2021/09/22 00:00:00+00,0.00527325522152116,0.484975252319492,15106,BOYACÁ,BRICEÑO,19,6,29,32,86
206,Desplazamiento forzado histórico por municipios en Colombia,1980-2014,Elaboración propia del CNMH. Información geográfica del informe Una nación desplazada,2021/09/22 00:00:00+00,0.0089893176346711,0.467781128133192,15109,BOYACÁ,BUENAVISTA,2,0,27,94,123
207,Desplazamiento forzado histórico por municipios en Colombia,1980-2014,Elaboración propia del CNMH. Información geográfica del informe Una nación desplazada,2021/09/22 00:00:00+00,0.00206924119170243,0.204497975691867,15114,BOYACÁ,BUSBANZÁ,0,0,0,4,4
208,Desplazamiento forzado histórico por municipios en Colombia,1980-2014,Elaboración propia del CNMH. Información geográfica del informe Una nación desplazada,2021/09/22 00:00:00+00,0.00644484301128435,0.40217511888093,15131,BOYACÁ,CALDAS,0,0,9,11,20
209,Desplazamiento forzado histórico por municipios en Colombia,1980-2014,Elaboración propia del CNMH. Información geográfica del informe Una nación desplazada,2021/09/22 00:00:00+00,0.0243529763049067,0.896145704433153,15135,BOYACÁ,CAMPOHERMOSO,1,46,302,141,490
210,Desplazamiento forzado histórico por municipios en Colombia,1980-2014,Elaboración propia del CNMH. Información geográfica del informe Una nación desplazada,2021/09/22 00:00:00+00,0.00519056964663936,0.334001146816759,15162,BOYACÁ,CERINZA,3,1,12,10,26
211,Desplazamiento forzado histórico por municipios en Colombia,1980-2014,Elaboración propia del CNMH. Información geográfica del informe Una nación desplazada,2021/09/22 00:00:00+00,0.0111218756889096,0.526596397906541,15172,BOYACÁ,CHINAVITA,0,4,68,45,117
212,Desplazamiento forzado histórico por municipios en Colombia,1980-2014,Elaboración propia del CNMH. Información geográfica del informe Una nación desplazada,2021/09/22 00:00:00+00,0.0134686209024035,0.864134276708061,15176,BOYACÁ,CHIQUINQUIRÁ,3,14,102,240,359
213,Desplazamiento forzado histórico por municipios en Colombia,1980-2014,Elaboración propia del CNMH. Información geográfica del informe Una nación desplazada,2021/09/22 00:00:00+00,0.0552898649673044,1.36484707407272,15183,BOYACÁ,CHITA,17,54,410,594,1075
214,Desplazamiento forzado histórico por municipios en Colombia,1980-2014,Elaboración propia del CNMH. Información geográfica del informe Una nación desplazada,2021/09/22 00:00:00+00,0.0129465244874018,0.57927717253995,15185,BOYACÁ,CHITARAQUE,0,10,22,99,131
215,Desplazamiento forzado histórico por municipios en Colombia,1980-2014,Elaboración propia del CNMH. Información geográfica del informe Una nación desplazada,2021/09/22 00:00:00+00,0.00404177655917067,0.425266609105129,15187,BOYACÁ,CHIVATÁ,0,0,0,7,7
216,Desplazamiento forzado histórico por municipios en Colombia,1980-2014,Elaboración propia del CNMH. Información geográfica del informe Una nación desplazada,2021/09/22 00:00:00+00,0.00440452711068295,0.385304475122445,15189,BOYACÁ,CIÉNEGA,0,0,6,0,6
217,Desplazamiento forzado histórico por municipios en Colombia,1980-2014,Elaboración propia del CNMH. Información geográfica del informe Una nación desplazada,2021/09/22 00:00:00+00,0.0118575339326147,0.733788941574519,15204,BOYACÁ,CÓMBITA,0,4,8,8,20
218,Desplazamiento forzado histórico por municipios en Colombia,1980-2014,Elaboración propia del CNMH. Información geográfica del informe Una nación desplazada,2021/09/22 00:00:00+00,0.0122292129475332,0.639954012876934,15212,BOYACÁ,COPER,0,11,39,42,92
220,Desplazamiento forzado histórico por municipios en Colombia,1980-2014,Elaboración propia del CNMH. Información geográfica del informe Una nación desplazada,2021/09/22 00:00:00+00,0.0474073553432579,1.28569389532174,15377,BOYACÁ,LABRANZAGRANDE,5,164,571,431,1171
221,Desplazamiento forzado histórico por municipios en Colombia,1980-2014,Elaboración propia del CNMH. Información geográfica del informe Una nación desplazada,2021/09/22 00:00:00+00,0.00464258392104714,0.294775725011035,15380,BOYACÁ,LA CAPILLA,0,0,16,17,33
222,Desplazamiento forzado histórico por municipios en Colombia,1980-2014,Elaboración propia del CNMH. Información geográfica del informe Una nación desplazada,2021/09/22 00:00:00+00,0.00228545737953326,0.280691814885022,15401,BOYACÁ,LA VICTORIA,7,18,7,25,57
223,Desplazamiento forzado histórico por municipios en Colombia,1980-2014,Elaboración propia del CNMH. Información geográfica del informe Una nación desplazada,2021/09/22 00:00:00+00,0.0131930302287302,0.635572455189604,15403,BOYACÁ,LA UVITA,0,12,34,39,85
224,Desplazamiento forzado histórico por municipios en Colombia,1980-2014,Elaboración propia del CNMH. Información geográfica del informe Una nación desplazada,2021/09/22 00:00:00+00,0.0214635408407941,0.915418048255861,15542,BOYACÁ,PESCA,0,11,54,60,125
225,Desplazamiento forzado histórico por municipios en Colombia,1980-2014,Elaboración propia del CNMH. Información geográfica del informe Una nación desplazada,2021/09/22 00:00:00+00,0.0379277841059389,1.01650146352245,15550,BOYACÁ,PISBA,14,24,224,130,392
226,Desplazamiento forzado histórico por municipios en Colombia,1980-2014,Elaboración propia del CNMH. Información geográfica del informe Una nación desplazada,2021/09/22 00:00:00+00,0.123609862437234,2.40391521644962,15572,BOYACÁ,PUERTO BOYACÁ,395,270,842,2729,4236
227,Desplazamiento forzado histórico por municipios en Colombia,1980-2014,Elaboración propia del CNMH. Información geográfica del informe Una nación desplazada,2021/09/22 00:00:00+00,0.0136562717242536,0.830110612145537,15580,BOYACÁ,QUÍPAMA,14,45,56,226,341
228,Desplazamiento forzado histórico por municipios en Colombia,1980-2014,Elaboración propia del CNMH. Información geográfica del informe Una nación desplazada,2021/09/22 00:00:00+00,0.0492586330227418,1.19876408692883,15755,BOYACÁ,SOCOTÁ,2,22,213,378,615
229,Desplazamiento forzado histórico por municipios en Colombia,1980-2014,Elaboración propia del CNMH. Información geográfica del informe Una nación desplazada,2021/09/22 00:00:00+00,0.0122557820043085,0.575363712854479,15757,BOYACÁ,SOCHA,10,3,110,95,218
230,Desplazamiento forzado histórico por municipios en Colombia,1980-2014,Elaboración propia del CNMH. Información geográfica del informe Una nación desplazada,2021/09/22 00:00:00+00,0.0169965836263289,0.719792353459431,15759,BOYACÁ,SOGAMOSO,4,5,202,216,427
231,Desplazamiento forzado histórico por municipios en Colombia,1980-2014,Elaboración propia del CNMH. Información geográfica del informe Una nación desplazada,2021/09/22 00:00:00+00,0.0047934998633078,0.370385058998199,15761,BOYACÁ,SOMONDOCO,0,0,26,43,69
232,Desplazamiento forzado histórico por municipios en Colombia,1980-2014,Elaboración propia del CNMH. Información geográfica del informe Una nación desplazada,2021/09/22 00:00:00+00,0.0119147903171322,0.549025807322759,15842,BOYACÁ,ÚMBITA,0,0,38,38,76
233,Desplazamiento forzado histórico por municipios en Colombia,1980-2014,Elaboración propia del CNMH. Información geográfica del informe Una nación desplazada,2021/09/22 00:00:00+00,0.0130542953775843,0.667857696835205,15861,BOYACÁ,VENTAQUEMADA,0,0,7,21,28
234,Desplazamiento forzado histórico por municipios en Colombia,1980-2014,Elaboración propia del CNMH. Información geográfica del informe Una nación desplazada,2021/09/22 00:00:00+00,0.00510551854983001,0.341267745944484,15879,BOYACÁ,VIRACACHÁ,0,0,1,5,6
235,Desplazamiento forzado histórico por municipios en Colombia,1980-2014,Elaboración propia del CNMH. Información geográfica del informe Una nación desplazada,2021/09/22 00:00:00+00,0.0205122325582685,0.898103514383305,15897,BOYACÁ,ZETAQUIRA,0,17,101,78,196
236,Desplazamiento forzado histórico por municipios en Colombia,1980-2014,Elaboración propia del CNMH. Información geográfica del informe Una nación desplazada,2021/09/22 00:00:00+00,0.00836979713498818,0.487024843992515,15218,BOYACÁ,COVARACHÍA,1,3,118,66,188
237,Desplazamiento forzado histórico por municipios en Colombia,1980-2014,Elaboración propia del CNMH. Información geográfica del informe Una nación desplazada,2021/09/22 00:00:00+00,0.00343766442007254,0.291958940309634,15224,BOYACÁ,CUCAITA,0,0,0,16,16
238,Desplazamiento forzado histórico por municipios en Colombia,1980-2014,Elaboración propia del CNMH. Información geográfica del informe Una nación desplazada,2021/09/22 00:00:00+00,0.00360067027023912,0.307677719197158,15226,BOYACÁ,CUÍTIVA,0,0,4,11,15
239,Desplazamiento forzado histórico por municipios en Colombia,1980-2014,Elaboración propia del CNMH. Información geográfica del informe Una nación desplazada,2021/09/22 00:00:00+00,0.00950923321761028,0.507900025134087,15232,BOYACÁ,CHÍQUIZA,0,0,0,6,6
240,Desplazamiento forzado histórico por municipios en Colombia,1980-2014,Elaboración propia del CNMH. Información geográfica del informe Una nación desplazada,2021/09/22 00:00:00+00,0.00885899653842846,0.566870187363574,15236,BOYACÁ,CHIVOR,0,11,154,94,259
241,Desplazamiento forzado histórico por municipios en Colombia,1980-2014,Elaboración propia del CNMH. Información geográfica del informe Una nación desplazada,2021/09/22 00:00:00+00,0.0191046635815409,0.959491539966523,15238,BOYACÁ,DUITAMA,0,1,66,187,254
242,Desplazamiento forzado histórico por municipios en Colombia,1980-2014,Elaboración propia del CNMH. Información geográfica del informe Una nación desplazada,2021/09/22 00:00:00+00,0.0194635639745421,0.71596273491896,15244,BOYACÁ,EL COCUY,11,77,125,83,296
243,Desplazamiento forzado histórico por municipios en Colombia,1980-2014,Elaboración propia del CNMH. Información geográfica del informe Una nación desplazada,2021/09/22 00:00:00+00,0.005669386499321,0.338906921668272,15248,BOYACÁ,EL ESPINO,0,0,140,43,183
244,Desplazamiento forzado histórico por municipios en Colombia,1980-2014,Elaboración propia del CNMH. Información geográfica del informe Una nación desplazada,2021/09/22 00:00:00+00,0.00892241871622371,0.504074495438943,15272,BOYACÁ,FIRAVITOBA,0,0,9,0,9
245,Desplazamiento forzado histórico por municipios en Colombia,1980-2014,Elaboración propia del CNMH. Información geográfica del informe Una nación desplazada,2021/09/22 00:00:00+00,0.00719332757742695,0.414792863486785,15276,BOYACÁ,FLORESTA,0,0,4,4,8
246,Desplazamiento forzado histórico por municipios en Colombia,1980-2014,Elaboración propia del CNMH. Información geográfica del informe Una nación desplazada,2021/09/22 00:00:00+00,0.0071972756361786,0.497657899966539,15293,BOYACÁ,GACHANTIVÁ,0,0,10,0,10
247,Desplazamiento forzado histórico por municipios en Colombia,1980-2014,Elaboración propia del CNMH. Información geográfica del informe Una nación desplazada,2021/09/22 00:00:00+00,0.0100928578215487,0.63460775800863,15296,BOYACÁ,GÁMEZA,0,0,20,32,52
248,Desplazamiento forzado histórico por municipios en Colombia,1980-2014,Elaboración propia del CNMH. Información geográfica del informe Una nación desplazada,2021/09/22 00:00:00+00,0.0157788906484825,0.610179730715591,15299,BOYACÁ,GARAGOA,0,5,93,108,206
249,Desplazamiento forzado histórico por municipios en Colombia,1980-2014,Elaboración propia del CNMH. Información geográfica del informe Una nación desplazada,2021/09/22 00:00:00+00,0.00470924756749077,0.299984588357752,15317,BOYACÁ,GUACAMAYAS,0,0,35,23,58
250,Desplazamiento forzado histórico por municipios en Colombia,1980-2014,Elaboración propia del CNMH. Información geográfica del informe Una nación desplazada,2021/09/22 00:00:00+00,0.00294665507454933,0.287084103226333,15322,BOYACÁ,GUATEQUE,0,15,79,80,174
251,Desplazamiento forzado histórico por municipios en Colombia,1980-2014,Elaboración propia del CNMH. Información geográfica del informe Una nación desplazada,2021/09/22 00:00:00+00,0.00814992567283645,0.428038623904808,15325,BOYACÁ,GUAYATÁ,0,4,70,59,133
252,Desplazamiento forzado histórico por municipios en Colombia,1980-2014,Elaboración propia del CNMH. Información geográfica del informe Una nación desplazada,2021/09/22 00:00:00+00,0.00279434588396013,0.274831868547799,15362,BOYACÁ,IZA,0,0,17,6,23
253,Desplazamiento forzado histórico por municipios en Colombia,1980-2014,Elaboración propia del CNMH. Información geográfica del informe Una nación desplazada,2021/09/22 00:00:00+00,0.00481379076210684,0.444685249944612,15367,BOYACÁ,JENESANO,0,0,6,25,31
254,Desplazamiento forzado histórico por municipios en Colombia,1980-2014,Elaboración propia del CNMH. Información geográfica del informe Una nación desplazada,2021/09/22 00:00:00+00,0.0107553691146014,0.52315696412405,15368,BOYACÁ,JERICÓ,3,24,69,121,217
255,Desplazamiento forzado histórico por municipios en Colombia,1980-2014,Elaboración propia del CNMH. Información geográfica del informe Una nación desplazada,2021/09/22 00:00:00+00,0.0103322987446859,0.631933631526388,15407,BOYACÁ,VILLA DE LEYVA,0,0,1,0,1
256,Desplazamiento forzado histórico por municipios en Colombia,1980-2014,Elaboración propia del CNMH. Información geográfica del informe Una nación desplazada,2021/09/22 00:00:00+00,0.0163022843841552,0.692334760616135,15425,BOYACÁ,MACANAL,0,0,103,59,162
257,Desplazamiento forzado histórico por municipios en Colombia,1980-2014,Elaboración propia del CNMH. Información geográfica del informe Una nación desplazada,2021/09/22 00:00:00+00,0.0131144285506905,0.716032250872508,15442,BOYACÁ,MARIPÍ,18,43,89,265,415
258,Desplazamiento forzado histórico por municipios en Colombia,1980-2014,Elaboración propia del CNMH. Información geográfica del informe Una nación desplazada,2021/09/22 00:00:00+00,0.0210959302713197,0.735170675693877,15455,BOYACÁ,MIRAFLORES,1,96,332,154,583
259,Desplazamiento forzado histórico por municipios en Colombia,1980-2014,Elaboración propia del CNMH. Información geográfica del informe Una nación desplazada,2021/09/22 00:00:00+00,0.0294022550537413,0.95336719168449,15464,BOYACÁ,MONGUA,0,7,123,67,197
260,Desplazamiento forzado histórico por municipios en Colombia,1980-2014,Elaboración propia del CNMH. Información geográfica del informe Una nación desplazada,2021/09/22 00:00:00+00,0.00561820701329656,0.359970026575976,15466,BOYACÁ,MONGUÍ,0,0,7,5,12
261,Desplazamiento forzado histórico por municipios en Colombia,1980-2014,Elaboración propia del CNMH. Información geográfica del informe Una nación desplazada,2021/09/22 00:00:00+00,0.0178224974900997,0.874908092690482,15469,BOYACÁ,MONIQUIRÁ,9,0,61,180,250
262,Desplazamiento forzado histórico por municipios en Colombia,1980-2014,Elaboración propia del CNMH. Información geográfica del informe Una nación desplazada,2021/09/22 00:00:00+00,0.0049001248419759,0.36400591351265,15476,BOYACÁ,MOTAVITA,0,0,5,0,5
263,Desplazamiento forzado histórico por municipios en Colombia,1980-2014,Elaboración propia del CNMH. Información geográfica del informe Una nación desplazada,2021/09/22 00:00:00+00,0.0112519022146242,0.689074411332995,15480,BOYACÁ,MUZO,103,180,191,383,857
264,Desplazamiento forzado histórico por municipios en Colombia,1980-2014,Elaboración propia del CNMH. Información geográfica del informe Una nación desplazada,2021/09/22 00:00:00+00,0.00452339958320196,0.368770650986857,15491,BOYACÁ,NOBSA,5,0,8,29,42
265,Desplazamiento forzado histórico por municipios en Colombia,1980-2014,Elaboración propia del CNMH. Información geográfica del informe Una nación desplazada,2021/09/22 00:00:00+00,0.00419283053697234,0.357775628487191,15494,BOYACÁ,NUEVO COLÓN,0,0,1,27,28
266,Desplazamiento forzado histórico por municipios en Colombia,1980-2014,Elaboración propia del CNMH. Información geográfica del informe Una nación desplazada,2021/09/22 00:00:00+00,0.00492100542998326,0.337624866804105,15500,BOYACÁ,OICATÁ,0,5,0,0,5
267,Desplazamiento forzado histórico por municipios en Colombia,1980-2014,Elaboración propia del CNMH. Información geográfica del informe Una nación desplazada,2021/09/22 00:00:00+00,0.038782710219492,1.30904874120125,15507,BOYACÁ,OTANCHE,100,91,325,943,1459
268,Desplazamiento forzado histórico por municipios en Colombia,1980-2014,Elaboración propia del CNMH. Información geográfica del informe Una nación desplazada,2021/09/22 00:00:00+00,0.00543856814805493,0.349261578600845,15511,BOYACÁ,PACHAVITA,0,0,2,10,12
269,Desplazamiento forzado histórico por municipios en Colombia,1980-2014,Elaboración propia del CNMH. Información geográfica del informe Una nación desplazada,2021/09/22 00:00:00+00,0.0276429436266341,0.963628775033196,15514,BOYACÁ,PÁEZ,27,153,1188,132,1500
270,Desplazamiento forzado histórico por municipios en Colombia,1980-2014,Elaboración propia del CNMH. Información geográfica del informe Una nación desplazada,2021/09/22 00:00:00+00,0.0249059798188719,1.06962213007818,15516,BOYACÁ,PAIPA,0,0,29,18,47
271,Desplazamiento forzado histórico por municipios en Colombia,1980-2014,Elaboración propia del CNMH. Información geográfica del informe Una nación desplazada,2021/09/22 00:00:00+00,0.0255788507762738,0.855038807430788,15518,BOYACÁ,PAJARITO,15,30,367,271,683
272,Desplazamiento forzado histórico por municipios en Colombia,1980-2014,Elaboración propia del CNMH. Información geográfica del informe Una nación desplazada,2021/09/22 00:00:00+00,0.00324389968103127,0.331656348271694,15522,BOYACÁ,PANQUEBA,0,1,57,12,70
273,Desplazamiento forzado histórico por municipios en Colombia,1980-2014,Elaboración propia del CNMH. Información geográfica del informe Una nación desplazada,2021/09/22 00:00:00+00,0.0206226173218976,0.939745219104112,15531,BOYACÁ,PAUNA,38,57,149,329,573
274,Desplazamiento forzado histórico por municipios en Colombia,1980-2014,Elaboración propia del CNMH. Información geográfica del informe Una nación desplazada,2021/09/22 00:00:00+00,0.0361929984034271,1.14765183330388,15533,BOYACÁ,PAYA,10,66,141,228,445
275,Desplazamiento forzado histórico por municipios en Colombia,1980-2014,Elaboración propia del CNMH. Información geográfica del informe Una nación desplazada,2021/09/22 00:00:00+00,0.0100169585947619,0.51816629139874,15537,BOYACÁ,PAZ DE RÍO,0,8,47,11,66
276,Desplazamiento forzado histórico por municipios en Colombia,1980-2014,Elaboración propia del CNMH. Información geográfica del informe Una nación desplazada,2021/09/22 00:00:00+00,0.0102518284705861,0.766956897446586,15599,BOYACÁ,RAMIRIQUÍ,0,0,57,69,126
277,Desplazamiento forzado histórico por municipios en Colombia,1980-2014,Elaboración propia del CNMH. Información geográfica del informe Una nación desplazada,2021/09/22 00:00:00+00,0.0180066165741709,0.781180070094503,15600,BOYACÁ,RÁQUIRA,0,0,5,4,9
278,Desplazamiento forzado histórico por municipios en Colombia,1980-2014,Elaboración propia del CNMH. Información geográfica del informe Una nación desplazada,2021/09/22 00:00:00+00,0.0168333729805051,0.681104143547076,15621,BOYACÁ,RONDÓN,0,0,14,38,52
279,Desplazamiento forzado histórico por municipios en Colombia,1980-2014,Elaboración propia del CNMH. Información geográfica del informe Una nación desplazada,2021/09/22 00:00:00+00,0.020297719188605,0.792257111530991,15632,BOYACÁ,SABOYÁ,0,0,11,37,48
280,Desplazamiento forzado histórico por municipios en Colombia,1980-2014,Elaboración propia del CNMH. Información geográfica del informe Una nación desplazada,2021/09/22 00:00:00+00,0.00521706467886475,0.386354549453422,15638,BOYACÁ,SÁCHICA,0,0,2,4,6
281,Desplazamiento forzado histórico por municipios en Colombia,1980-2014,Elaboración propia del CNMH. Información geográfica del informe Una nación desplazada,2021/09/22 00:00:00+00,0.0136741953678835,0.663348845048985,15646,BOYACÁ,SAMACÁ,0,3,17,25,45
282,Desplazamiento forzado histórico por municipios en Colombia,1980-2014,Elaboración propia del CNMH. Información geográfica del informe Una nación desplazada,2021/09/22 00:00:00+00,0.00892678699872605,0.434471028394038,15660,BOYACÁ,SAN EDUARDO,0,103,34,41,178
283,Desplazamiento forzado histórico por municipios en Colombia,1980-2014,Elaboración propia del CNMH. Información geográfica del informe Una nación desplazada,2021/09/22 00:00:00+00,0.00607642809878044,0.362712231281283,15664,BOYACÁ,SAN JOSÉ DE PARE,1,0,35,31,67
284,Desplazamiento forzado histórico por municipios en Colombia,1980-2014,Elaboración propia del CNMH. Información geográfica del informe Una nación desplazada,2021/09/22 00:00:00+00,0.038291662452588,1.14831954372369,15667,BOYACÁ,SAN LUIS DE GACENO,0,47,287,229,563
285,Desplazamiento forzado histórico por municipios en Colombia,1980-2014,Elaboración propia del CNMH. Información geográfica del informe Una nación desplazada,2021/09/22 00:00:00+00,0.0101185762791082,0.534964135804398,15673,BOYACÁ,SAN MATEO,0,29,336,93,458
286,Desplazamiento forzado histórico por municipios en Colombia,1980-2014,Elaboración propia del CNMH. Información geográfica del informe Una nación desplazada,2021/09/22 00:00:00+00,0.00767101534511886,0.464967817847947,15676,BOYACÁ,SAN MIGUEL DE SEMA,0,2,0,4,6
287,Desplazamiento forzado histórico por municipios en Colombia,1980-2014,Elaboración propia del CNMH. Información geográfica del informe Una nación desplazada,2021/09/22 00:00:00+00,0.0159917950011658,0.642192077621611,15681,BOYACÁ,SAN PABLO DE BORBUR,61,52,152,387,652
288,Desplazamiento forzado histórico por municipios en Colombia,1980-2014,Elaboración propia del CNMH. Información geográfica del informe Una nación desplazada,2021/09/22 00:00:00+00,0.00555103539127097,0.320472349280993,15686,BOYACÁ,SANTANA,0,7,40,90,137
289,Desplazamiento forzado histórico por municipios en Colombia,1980-2014,Elaboración propia del CNMH. Información geográfica del informe Una nación desplazada,2021/09/22 00:00:00+00,0.0252388215707804,1.04996294444132,15690,BOYACÁ,SANTA MARÍA,2,42,66,102,212
290,Desplazamiento forzado histórico por municipios en Colombia,1980-2014,Elaboración propia del CNMH. Información geográfica del informe Una nación desplazada,2021/09/22 00:00:00+00,0.0095269258470756,0.726840247163012,15693,BOYACÁ,SANTA ROSA DE VITERBO,0,0,16,28,44
291,Desplazamiento forzado histórico por municipios en Colombia,1980-2014,Elaboración propia del CNMH. Información geográfica del informe Una nación desplazada,2021/09/22 00:00:00+00,0.00633165592918647,0.421030187162966,15696,BOYACÁ,SANTA SOFÍA,0,6,0,11,17
292,Desplazamiento forzado histórico por municipios en Colombia,1980-2014,Elaboración propia del CNMH. Información geográfica del informe Una nación desplazada,2021/09/22 00:00:00+00,0.0131711238066624,0.70326797538298,15720,BOYACÁ,SATIVANORTE,0,1,40,33,74
293,Desplazamiento forzado histórico por municipios en Colombia,1980-2014,Elaboración propia del CNMH. Información geográfica del informe Una nación desplazada,2021/09/22 00:00:00+00,0.00448083153140788,0.455346953562997,15723,BOYACÁ,SATIVASUR,0,0,7,14,21
294,Desplazamiento forzado histórico por municipios en Colombia,1980-2014,Elaboración propia del CNMH. Información geográfica del informe Una nación desplazada,2021/09/22 00:00:00+00,0.00972716856122699,0.48335501247627,15740,BOYACÁ,SIACHOQUE,0,1,0,10,11
295,Desplazamiento forzado histórico por municipios en Colombia,1980-2014,Elaboración propia del CNMH. Información geográfica del informe Una nación desplazada,2021/09/22 00:00:00+00,0.0100541414807604,0.501444857794979,15753,BOYACÁ,SOATÁ,0,11,71,47,129
296,Desplazamiento forzado histórico por municipios en Colombia,1980-2014,Elaboración propia del CNMH. Información geográfica del informe Una nación desplazada,2021/09/22 00:00:00+00,0.00390451106264916,0.299866750942381,15762,BOYACÁ,SORA,0,0,3,0,3
297,Desplazamiento forzado histórico por municipios en Colombia,1980-2014,Elaboración propia del CNMH. Información geográfica del informe Una nación desplazada,2021/09/22 00:00:00+00,0.0232702225331995,0.926526773434124,15763,BOYACÁ,SOTAQUIRÁ,0,0,13,12,25
298,Desplazamiento forzado histórico por municipios en Colombia,1980-2014,Elaboración propia del CNMH. Información geográfica del informe Una nación desplazada,2021/09/22 00:00:00+00,0.00454936725548269,0.351032513591162,15764,BOYACÁ,SORACÁ,0,0,0,11,11
299,Desplazamiento forzado histórico por municipios en Colombia,1980-2014,Elaboración propia del CNMH. Información geográfica del informe Una nación desplazada,2021/09/22 00:00:00+00,0.0149199870060569,0.7483860264378,15774,BOYACÁ,SUSACÓN,0,27,62,68,157
300,Desplazamiento forzado histórico por municipios en Colombia,1980-2014,Elaboración propia del CNMH. Información geográfica del informe Una nación desplazada,2021/09/22 00:00:00+00,0.00844815509745395,0.471895616061571,15776,BOYACÁ,SUTAMARCHÁN,0,0,12,0,12
301,Desplazamiento forzado histórico por municipios en Colombia,1980-2014,Elaboración propia del CNMH. Información geográfica del informe Una nación desplazada,2021/09/22 00:00:00+00,0.00335332727333357,0.307706652860582,15778,BOYACÁ,SUTATENZA,0,2,2,9,13
302,Desplazamiento forzado histórico por municipios en Colombia,1980-2014,Elaboración propia del CNMH. Información geográfica del informe Una nación desplazada,2021/09/22 00:00:00+00,0.0171143359817541,0.810535798566789,15790,BOYACÁ,TASCO,1,3,21,30,55
303,Desplazamiento forzado histórico por municipios en Colombia,1980-2014,Elaboración propia del CNMH. Información geográfica del informe Una nación desplazada,2021/09/22 00:00:00+00,0.00373980614558781,0.32858508778055,15798,BOYACÁ,TENZA,0,0,1,5,6
304,Desplazamiento forzado histórico por municipios en Colombia,1980-2014,Elaboración propia del CNMH. Información geográfica del informe Una nación desplazada,2021/09/22 00:00:00+00,0.00993775643048962,0.560833327243965,15804,BOYACÁ,TIBANÁ,0,12,4,27,43
305,Desplazamiento forzado histórico por municipios en Colombia,1980-2014,Elaboración propia del CNMH. Información geográfica del informe Una nación desplazada,2021/09/22 00:00:00+00,0.00765169304492909,0.510611898525434,15806,BOYACÁ,TIBASOSA,0,0,0,8,8
306,Desplazamiento forzado histórico por municipios en Colombia,1980-2014,Elaboración propia del CNMH. Información geográfica del informe Una nación desplazada,2021/09/22 00:00:00+00,0.00650875349828524,0.394506359298363,15808,BOYACÁ,TINJACÁ,0,3,2,0,5
307,Desplazamiento forzado histórico por municipios en Colombia,1980-2014,Elaboración propia del CNMH. Información geográfica del informe Una nación desplazada,2021/09/22 00:00:00+00,0.0058775935151596,0.371411566247041,15810,BOYACÁ,TIPACOQUE,6,0,15,0,21
308,Desplazamiento forzado histórico por municipios en Colombia,1980-2014,Elaboración propia del CNMH. Información geográfica del informe Una nación desplazada,2021/09/22 00:00:00+00,0.0137287688734425,0.542314325266372,15814,BOYACÁ,TOCA,0,0,0,6,6
309,Desplazamiento forzado histórico por municipios en Colombia,1980-2014,Elaboración propia del CNMH. Información geográfica del informe Una nación desplazada,2021/09/22 00:00:00+00,0.00828349447549546,0.477132976850282,15816,BOYACÁ,TOGÜÍ,0,0,25,34,59
310,Desplazamiento forzado histórico por municipios en Colombia,1980-2014,Elaboración propia del CNMH. Información geográfica del informe Una nación desplazada,2021/09/22 00:00:00+00,0.00274432889518163,0.271281152873593,15820,BOYACÁ,TÓPAGA,0,0,6,13,19
311,Desplazamiento forzado histórico por municipios en Colombia,1980-2014,Elaboración propia del CNMH. Información geográfica del informe Una nación desplazada,2021/09/22 00:00:00+00,0.0159927852056415,0.716828462226205,15822,BOYACÁ,TOTA,0,1,7,10,18
312,Desplazamiento forzado histórico por municipios en Colombia,1980-2014,Elaboración propia del CNMH. Información geográfica del informe Una nación desplazada,2021/09/22 00:00:00+00,0.00238551532656657,0.25130261578288,15832,BOYACÁ,TUNUNGUÁ,12,6,13,38,69
313,Desplazamiento forzado histórico por municipios en Colombia,1980-2014,Elaboración propia del CNMH. Información geográfica del informe Una nación desplazada,2021/09/22 00:00:00+00,0.00650191583107182,0.38832112456366,15835,BOYACÁ,TURMEQUÉ,0,1,4,6,11
314,Desplazamiento forzado histórico por municipios en Colombia,1980-2014,Elaboración propia del CNMH. Información geográfica del informe Una nación desplazada,2021/09/22 00:00:00+00,0.0135102197248432,0.699769568119161,15837,BOYACÁ,TUTA,0,0,0,18,18
315,Desplazamiento forzado histórico por municipios en Colombia,1980-2014,Elaboración propia del CNMH. Información geográfica del informe Una nación desplazada,2021/09/22 00:00:00+00,0.00996219907626567,0.503626837855969,15839,BOYACÁ,TUTAZÁ,0,0,30,59,89
316,Desplazamiento forzado histórico por municipios en Colombia,1980-2014,Elaboración propia del CNMH. Información geográfica del informe Una nación desplazada,2021/09/22 00:00:00+00,0.0538348995353275,1.26465210377919,15180,BOYACÁ,CHISCAS,0,48,341,96,485
317,Desplazamiento forzado histórico por municipios en Colombia,1980-2014,Elaboración propia del CNMH. Información geográfica del informe Una nación desplazada,2021/09/22 00:00:00+00,0.0962423035623509,1.87186705838854,15223,BOYACÁ,CUBARÁ,27,32,103,323,485
318,Desplazamiento forzado histórico por municipios en Colombia,1980-2014,Elaboración propia del CNMH. Información geográfica del informe Una nación desplazada,2021/09/22 00:00:00+00,0.0777780975101342,1.53770155884665,15332,BOYACÁ,GÜICÁN DE LA SIERRA,0,80,121,48,249
319,Desplazamiento forzado histórico por municipios en Colombia,1980-2014,Elaboración propia del CNMH. Información geográfica del informe Una nación desplazada,2021/09/22 00:00:00+00,0.0359436982261218,1.3889489144692,17001,CALDAS,MANIZALES,19,81,1661,1519,3280
320,Desplazamiento forzado histórico por municipios en Colombia,1980-2014,Elaboración propia del CNMH. Información geográfica del informe Una nación desplazada,2021/09/22 00:00:00+00,0.0388068554400124,1.37425644712884,17013,CALDAS,AGUADAS,3,159,1475,1252,2889
321,Desplazamiento forzado histórico por municipios en Colombia,1980-2014,Elaboración propia del CNMH. Información geográfica del informe Una nación desplazada,2021/09/22 00:00:00+00,0.0301057812713956,1.32690420682002,17486,CALDAS,NEIRA,1,44,670,562,1277
322,Desplazamiento forzado histórico por municipios en Colombia,1980-2014,Elaboración propia del CNMH. Información geográfica del informe Una nación desplazada,2021/09/22 00:00:00+00,0.0307358183586431,1.21035447877466,17446,CALDAS,MARULANDA,0,26,788,769,1583
323,Desplazamiento forzado histórico por municipios en Colombia,1980-2014,Elaboración propia del CNMH. Información geográfica del informe Una nación desplazada,2021/09/22 00:00:00+00,0.00736742691323498,0.552784444753591,17444,CALDAS,MARQUETALIA,0,67,4611,970,5648
324,Desplazamiento forzado histórico por municipios en Colombia,1980-2014,Elaboración propia del CNMH. Información geográfica del informe Una nación desplazada,2021/09/22 00:00:00+00,0.00300803888679103,0.311046802209157,17442,CALDAS,MARMATO,0,30,91,252,373
325,Desplazamiento forzado histórico por municipios en Colombia,1980-2014,Elaboración propia del CNMH. Información geográfica del informe Una nación desplazada,2021/09/22 00:00:00+00,0.0161383540603482,0.711439372413799,17433,CALDAS,MANZANARES,4,56,1218,947,2225
326,Desplazamiento forzado histórico por municipios en Colombia,1980-2014,Elaboración propia del CNMH. Información geográfica del informe Una nación desplazada,2021/09/22 00:00:00+00,0.00722430855419786,0.436427345499402,17388,CALDAS,LA MERCED,0,27,518,298,843
327,Desplazamiento forzado histórico por municipios en Colombia,1980-2014,Elaboración propia del CNMH. Información geográfica del informe Una nación desplazada,2021/09/22 00:00:00+00,0.0448189033890419,1.8321787625525,17380,CALDAS,LA DORADA,32,177,1131,1915,3255
328,Desplazamiento forzado histórico por municipios en Colombia,1980-2014,Elaboración propia del CNMH. Información geográfica del informe Una nación desplazada,2021/09/22 00:00:00+00,0.0157007887295422,0.635309836572846,17272,CALDAS,FILADELFIA,0,31,263,372,666
329,Desplazamiento forzado histórico por municipios en Colombia,1980-2014,Elaboración propia del CNMH. Información geográfica del informe Una nación desplazada,2021/09/22 00:00:00+00,0.00891150716933743,0.796258108889223,17174,CALDAS,CHINCHINÁ,12,62,460,751,1285
330,Desplazamiento forzado histórico por municipios en Colombia,1980-2014,Elaboración propia del CNMH. Información geográfica del informe Una nación desplazada,2021/09/22 00:00:00+00,0.00923691122122883,0.602514013801031,17088,CALDAS,BELALCÁZAR,1,31,146,210,388
331,Desplazamiento forzado histórico por municipios en Colombia,1980-2014,Elaboración propia del CNMH. Información geográfica del informe Una nación desplazada,2021/09/22 00:00:00+00,0.0121946314252348,0.7015671780584,17050,CALDAS,ARANZAZU,7,40,256,279,582
332,Desplazamiento forzado histórico por municipios en Colombia,1980-2014,Elaboración propia del CNMH. Información geográfica del informe Una nación desplazada,2021/09/22 00:00:00+00,0.0170460104832768,0.913895117158057,17042,CALDAS,ANSERMA,51,223,1486,1638,3398
333,Desplazamiento forzado histórico por municipios en Colombia,1980-2014,Elaboración propia del CNMH. Información geográfica del informe Una nación desplazada,2021/09/22 00:00:00+00,0.018570144339371,0.961944480354919,17495,CALDAS,NORCASIA,25,62,307,655,1049
334,Desplazamiento forzado histórico por municipios en Colombia,1980-2014,Elaboración propia del CNMH. Información geográfica del informe Una nación desplazada,2021/09/22 00:00:00+00,0.00919580718911426,0.651387187425443,17877,CALDAS,VITERBO,15,95,164,228,502
335,Desplazamiento forzado histórico por municipios en Colombia,1980-2014,Elaboración propia del CNMH. Información geográfica del informe Una nación desplazada,2021/09/22 00:00:00+00,0.0370832702837201,1.11097085282021,17873,CALDAS,VILLAMARÍA,8,13,272,434,727
336,Desplazamiento forzado histórico por municipios en Colombia,1980-2014,Elaboración propia del CNMH. Información geográfica del informe Una nación desplazada,2021/09/22 00:00:00+00,0.0455968569338025,1.43351016572329,17867,CALDAS,VICTORIA,12,145,380,406,943
337,Desplazamiento forzado histórico por municipios en Colombia,1980-2014,Elaboración propia del CNMH. Información geográfica del informe Una nación desplazada,2021/09/22 00:00:00+00,0.0099172014543336,0.577650056487187,17777,CALDAS,SUPÍA,60,94,623,596,1373
338,Desplazamiento forzado histórico por municipios en Colombia,1980-2014,Elaboración propia del CNMH. Información geográfica del informe Una nación desplazada,2021/09/22 00:00:00+00,0.0049628484144868,0.475703704047796,17665,CALDAS,SAN JOSÉ,6,23,134,170,333
339,Desplazamiento forzado histórico por municipios en Colombia,1980-2014,Elaboración propia del CNMH. Información geográfica del informe Una nación desplazada,2021/09/22 00:00:00+00,0.0618604610011229,1.64133212224606,17662,CALDAS,SAMANÁ,197,892,26107,16283,43479
340,Desplazamiento forzado histórico por municipios en Colombia,1980-2014,Elaboración propia del CNMH. Información geográfica del informe Una nación desplazada,2021/09/22 00:00:00+00,0.0316469115043902,1.13897659865098,17653,CALDAS,SALAMINA,17,92,1724,1029,2862
341,Desplazamiento forzado histórico por municipios en Colombia,1980-2014,Elaboración propia del CNMH. Información geográfica del informe Una nación desplazada,2021/09/22 00:00:00+00,0.00732724170623059,0.680056805397601,17616,CALDAS,RISARALDA,29,76,277,341,723
342,Desplazamiento forzado histórico por municipios en Colombia,1980-2014,Elaboración propia del CNMH. Información geográfica del informe Una nación desplazada,2021/09/22 00:00:00+00,0.0406637550993023,1.31136973032385,17541,CALDAS,PENSILVANIA,93,395,12957,3587,17032
343,Desplazamiento forzado histórico por municipios en Colombia,1980-2014,Elaboración propia del CNMH. Información geográfica del informe Una nación desplazada,2021/09/22 00:00:00+00,0.00914570859476009,0.601026136101806,17524,CALDAS,PALESTINA,10,60,343,316,729
344,Desplazamiento forzado histórico por municipios en Colombia,1980-2014,Elaboración propia del CNMH. Información geográfica del informe Una nación desplazada,2021/09/22 00:00:00+00,0.0209701099612404,0.780259403357693,17513,CALDAS,PÁCORA,2,58,744,585,1389
345,Desplazamiento forzado histórico por municipios en Colombia,1980-2014,Elaboración propia del CNMH. Información geográfica del informe Una nación desplazada,2021/09/22 00:00:00+00,0.031320440281816,1.08487824068805,17614,CALDAS,RIOSUCIO,139,352,4514,2789,7794
346,Desplazamiento forzado histórico por municipios en Colombia,1980-2014,Elaboración propia del CNMH. Información geográfica del informe Una nación desplazada,2021/09/22 00:00:00+00,0.206927769126439,2.94250780462167,18001,CAQUETÁ,FLORENCIA,206,527,12191,19705,32629
347,Desplazamiento forzado histórico por municipios en Colombia,1980-2014,Elaboración propia del CNMH. Información geográfica del informe Una nación desplazada,2021/09/22 00:00:00+00,0.0335142396330901,1.12105437171373,18029,CAQUETÁ,ALBANIA,23,110,2168,2213,4514
348,Desplazamiento forzado histórico por municipios en Colombia,1980-2014,Elaboración propia del CNMH. Información geográfica del informe Una nación desplazada,2021/09/22 00:00:00+00,0.0967446681735549,2.23388293560067,18094,CAQUETÁ,BELÉN DE LOS ANDAQUÍES,56,107,3804,4681,8648
349,Desplazamiento forzado histórico por municipios en Colombia,1980-2014,Elaboración propia del CNMH. Información geográfica del informe Una nación desplazada,2021/09/22 00:00:00+00,0.0898674383533849,3.15437031984292,18247,CAQUETÁ,EL DONCELLO,53,158,3840,7135,11186
350,Desplazamiento forzado histórico por municipios en Colombia,1980-2014,Elaboración propia del CNMH. Información geográfica del informe Una nación desplazada,2021/09/22 00:00:00+00,0.100309283036655,3.52931590853254,18256,CAQUETÁ,EL PAUJÍL,42,104,3593,5899,9638
351,Desplazamiento forzado histórico por municipios en Colombia,1980-2014,Elaboración propia del CNMH. Información geográfica del informe Una nación desplazada,2021/09/22 00:00:00+00,0.13817350787059,3.40293900105926,18410,CAQUETÁ,LA MONTAÑITA,61,249,9447,12030,21787
352,Desplazamiento forzado histórico por municipios en Colombia,1980-2014,Elaboración propia del CNMH. Información geográfica del informe Una nación desplazada,2021/09/22 00:00:00+00,0.0991278187424329,1.86319665010187,18460,CAQUETÁ,MILÁN,37,199,5305,9069,14610
353,Desplazamiento forzado histórico por municipios en Colombia,1980-2014,Elaboración propia del CNMH. Información geográfica del informe Una nación desplazada,2021/09/22 00:00:00+00,0.0375535626063359,1.5186883121006,18479,CAQUETÁ,MORELIA,12,60,1487,1330,2889
354,Desplazamiento forzado histórico por municipios en Colombia,1980-2014,Elaboración propia del CNMH. Información geográfica del informe Una nación desplazada,2021/09/22 00:00:00+00,0.106327260228103,2.11954219139608,18610,CAQUETÁ,SAN JOSÉ DEL FRAGUA,87,193,5742,8901,14923
355,Desplazamiento forzado histórico por municipios en Colombia,1980-2014,Elaboración propia del CNMH. Información geográfica del informe Una nación desplazada,2021/09/22 00:00:00+00,0.108005511138765,2.31384814932954,18860,CAQUETÁ,VALPARAÍSO,56,179,9603,5084,14922
356,Desplazamiento forzado histórico por municipios en Colombia,1980-2014,Elaboración propia del CNMH. Información geográfica del informe Una nación desplazada,2021/09/22 00:00:00+00,1.0387266626004,9.66844075037475,18150,CAQUETÁ,CARTAGENA DEL CHAIRÁ,117,553,15181,20625,36476
357,Desplazamiento forzado histórico por municipios en Colombia,1980-2014,Elaboración propia del CNMH. Información geográfica del informe Una nación desplazada,2021/09/22 00:00:00+00,1.64108144562536,10.6336238172039,18753,CAQUETÁ,SAN VICENTE DEL CAGUÁN,90,484,11856,28861,41291
358,Desplazamiento forzado histórico por municipios en Colombia,1980-2014,Elaboración propia del CNMH. Información geográfica del informe Una nación desplazada,2021/09/22 00:00:00+00,3.43579026176468,20.0458589700626,18756,CAQUETÁ,SOLANO,54,115,4022,8833,13024
359,Desplazamiento forzado histórico por municipios en Colombia,1980-2014,Elaboración propia del CNMH. Información geográfica del informe Una nación desplazada,2021/09/22 00:00:00+00,0.0387220738658456,1.2461060618086,18785,CAQUETÁ,SOLITA,34,137,6282,6034,12487
360,Desplazamiento forzado histórico por municipios en Colombia,1980-2014,Elaboración propia del CNMH. Información geográfica del informe Una nación desplazada,2021/09/22 00:00:00+00,0.0324084662218446,1.6061636708777,18205,CAQUETÁ,CURILLO,31,138,11759,6829,18757
361,Desplazamiento forzado histórico por municipios en Colombia,1980-2014,Elaboración propia del CNMH. Información geográfica del informe Una nación desplazada,2021/09/22 00:00:00+00,0.336961096122076,4.26444951798717,18592,CAQUETÁ,PUERTO RICO,122,300,5813,17572,23807
362,Desplazamiento forzado histórico por municipios en Colombia,1980-2014,Elaboración propia del CNMH. Información geográfica del informe Una nación desplazada,2021/09/22 00:00:00+00,0.0389701764986099,1.37413226106196,19001,CAUCA,POPAYÁN,31,79,2118,3312,5540
363,Desplazamiento forzado histórico por municipios en Colombia,1980-2014,Elaboración propia del CNMH. Información geográfica del informe Una nación desplazada,2021/09/22 00:00:00+00,0.0191965652155504,0.710253014925645,19022,CAUCA,ALMAGUER,72,118,741,3190,4121
364,Desplazamiento forzado histórico por municipios en Colombia,1980-2014,Elaboración propia del CNMH. Información geográfica del informe Una nación desplazada,2021/09/22 00:00:00+00,0.0628806321754784,1.22415287203054,19050,CAUCA,ARGELIA,18,51,1488,19564,21121
365,Desplazamiento forzado histórico por municipios en Colombia,1980-2014,Elaboración propia del CNMH. Información geográfica del informe Una nación desplazada,2021/09/22 00:00:00+00,0.0334904918562531,1.0163273981087,19075,CAUCA,BALBOA,21,67,629,8088,8805
366,Desplazamiento forzado histórico por municipios en Colombia,1980-2014,Elaboración propia del CNMH. Información geográfica del informe Una nación desplazada,2021/09/22 00:00:00+00,0.064683367030031,1.80278656633036,19100,CAUCA,BOLÍVAR,222,341,2672,11967,15202
367,Desplazamiento forzado histórico por municipios en Colombia,1980-2014,Elaboración propia del CNMH. Información geográfica del informe Una nación desplazada,2021/09/22 00:00:00+00,0.0353082659965386,1.63251951654641,19110,CAUCA,BUENOS AIRES,14,144,12532,3051,15741
368,Desplazamiento forzado histórico por municipios en Colombia,1980-2014,Elaboración propia del CNMH. Información geográfica del informe Una nación desplazada,2021/09/22 00:00:00+00,0.04481974775164,1.3818515576613,19130,CAUCA,CAJIBÍO,46,211,5743,5537,11537
369,Desplazamiento forzado histórico por municipios en Colombia,1980-2014,Elaboración propia del CNMH. Información geográfica del informe Una nación desplazada,2021/09/22 00:00:00+00,0.0288027662683061,1.10296136553644,19137,CAUCA,CALDONO,39,71,506,2360,2976
370,Desplazamiento forzado histórico por municipios en Colombia,1980-2014,Elaboración propia del CNMH. Información geográfica del informe Una nación desplazada,2021/09/22 00:00:00+00,0.0215053450666097,1.32332140183306,19142,CAUCA,CALOTO,35,51,1824,5508,7418
371,Desplazamiento forzado histórico por municipios en Colombia,1980-2014,Elaboración propia del CNMH. Información geográfica del informe Una nación desplazada,2021/09/22 00:00:00+00,0.0264794743758638,0.827656408950317,19212,CAUCA,CORINTO,50,230,1325,3949,5554
372,Desplazamiento forzado histórico por municipios en Colombia,1980-2014,Elaboración propia del CNMH. Información geográfica del informe Una nación desplazada,2021/09/22 00:00:00+00,0.00459170059028532,0.367595054520679,19290,CAUCA,FLORENCIA,12,0,205,886,1103
373,Desplazamiento forzado histórico por municipios en Colombia,1980-2014,Elaboración propia del CNMH. Información geográfica del informe Una nación desplazada,2021/09/22 00:00:00+00,0.00817625477173427,0.638306627531971,19300,CAUCA,GUACHENÉ,0,5,6,124,135
374,Desplazamiento forzado histórico por municipios en Colombia,1980-2014,Elaboración propia del CNMH. Información geográfica del informe Una nación desplazada,2021/09/22 00:00:00+00,0.070353631486664,1.53974736009718,19355,CAUCA,INZÁ,38,65,447,2006,2556
375,Desplazamiento forzado histórico por municipios en Colombia,1980-2014,Elaboración propia del CNMH. Información geográfica del informe Una nación desplazada,2021/09/22 00:00:00+00,0.019039450415071,0.866955004041014,19364,CAUCA,JAMBALÓ,22,45,167,2274,2508
376,Desplazamiento forzado histórico por municipios en Colombia,1980-2014,Elaboración propia del CNMH. Información geográfica del informe Una nación desplazada,2021/09/22 00:00:00+00,0.016900964428076,0.944421563871996,19392,CAUCA,LA SIERRA,30,89,1038,1641,2798
377,Desplazamiento forzado histórico por municipios en Colombia,1980-2014,Elaboración propia del CNMH. Información geográfica del informe Una nación desplazada,2021/09/22 00:00:00+00,0.0418602589381688,1.14591286077663,19397,CAUCA,LA VEGA,48,225,2319,7026,9618
378,Desplazamiento forzado histórico por municipios en Colombia,1980-2014,Elaboración propia del CNMH. Información geográfica del informe Una nación desplazada,2021/09/22 00:00:00+00,0.0565644448360689,1.26131451406984,19450,CAUCA,MERCADERES,70,181,944,5344,6539
379,Desplazamiento forzado histórico por municipios en Colombia,1980-2014,Elaboración propia del CNMH. Información geográfica del informe Una nación desplazada,2021/09/22 00:00:00+00,0.0415107721578131,1.52939785240474,19473,CAUCA,MORALES,46,104,816,5959,6925
380,Desplazamiento forzado histórico por municipios en Colombia,1980-2014,Elaboración propia del CNMH. Información geográfica del informe Una nación desplazada,2021/09/22 00:00:00+00,0.00566088114891197,0.39717680546916,19513,CAUCA,PADILLA,0,2,45,202,249
381,Desplazamiento forzado histórico por municipios en Colombia,1980-2014,Elaboración propia del CNMH. Información geográfica del informe Una nación desplazada,2021/09/22 00:00:00+00,0.145674052678124,2.59685299103603,19517,CAUCA,PÁEZ,77,149,649,5063,5938
382,Desplazamiento forzado histórico por municipios en Colombia,1980-2014,Elaboración propia del CNMH. Información geográfica del informe Una nación desplazada,2021/09/22 00:00:00+00,0.0612356357805138,1.73619013738426,19532,CAUCA,PATÍA,64,208,1740,10200,12212
383,Desplazamiento forzado histórico por municipios en Colombia,1980-2014,Elaboración propia del CNMH. Información geográfica del informe Una nación desplazada,2021/09/22 00:00:00+00,0.0896321929247438,2.72990151224718,19533,CAUCA,PIAMONTE,1,51,2820,4964,7836
384,Desplazamiento forzado histórico por municipios en Colombia,1980-2014,Elaboración propia del CNMH. Información geográfica del informe Una nación desplazada,2021/09/22 00:00:00+00,0.0147144271756192,0.984615559454019,19548,CAUCA,PIENDAMÓ - TUNÍA,11,62,458,1235,1766
385,Desplazamiento forzado histórico por municipios en Colombia,1980-2014,Elaboración propia del CNMH. Información geográfica del informe Una nación desplazada,2021/09/22 00:00:00+00,0.008864451272522,0.637914679658855,19573,CAUCA,PUERTO TEJADA,2,18,379,1339,1738
386,Desplazamiento forzado histórico por municipios en Colombia,1980-2014,Elaboración propia del CNMH. Información geográfica del informe Una nación desplazada,2021/09/22 00:00:00+00,0.0688604658941503,1.7462653955941,19585,CAUCA,PURACÉ,36,42,724,899,1701
387,Desplazamiento forzado histórico por municipios en Colombia,1980-2014,Elaboración propia del CNMH. Información geográfica del informe Una nación desplazada,2021/09/22 00:00:00+00,0.0137173696505428,0.715264006558123,19622,CAUCA,ROSAS,20,102,786,1994,2902
388,Desplazamiento forzado histórico por municipios en Colombia,1980-2014,Elaboración propia del CNMH. Información geográfica del informe Una nación desplazada,2021/09/22 00:00:00+00,0.0339875152467156,1.08360589967055,19693,CAUCA,SAN SEBASTIÁN,215,106,858,1734,2913
389,Desplazamiento forzado histórico por municipios en Colombia,1980-2014,Elaboración propia del CNMH. Información geográfica del informe Una nación desplazada,2021/09/22 00:00:00+00,0.0420789394791527,1.35897934447279,19698,CAUCA,SANTANDER DE QUILICHAO,11,115,2418,3784,6328
390,Desplazamiento forzado histórico por municipios en Colombia,1980-2014,Elaboración propia del CNMH. Información geográfica del informe Una nación desplazada,2021/09/22 00:00:00+00,0.293594536082265,3.24535860559191,19701,CAUCA,SANTA ROSA,97,100,2057,2644,4898
391,Desplazamiento forzado histórico por municipios en Colombia,1980-2014,Elaboración propia del CNMH. Información geográfica del informe Una nación desplazada,2021/09/22 00:00:00+00,0.0552944791261685,1.44698645573364,19743,CAUCA,SILVIA,14,45,358,1377,1794
392,Desplazamiento forzado histórico por municipios en Colombia,1980-2014,Elaboración propia del CNMH. Información geográfica del informe Una nación desplazada,2021/09/22 00:00:00+00,0.0418612410858963,1.44612035886494,19760,CAUCA,SOTARÁ PAISPAMBA,14,45,389,1308,1756
393,Desplazamiento forzado histórico por municipios en Colombia,1980-2014,Elaboración propia del CNMH. Información geográfica del informe Una nación desplazada,2021/09/22 00:00:00+00,0.0318491104525854,1.09426203380571,19780,CAUCA,SUÁREZ,9,55,1792,15339,17195
394,Desplazamiento forzado histórico por municipios en Colombia,1980-2014,Elaboración propia del CNMH. Información geográfica del informe Una nación desplazada,2021/09/22 00:00:00+00,0.0110182825708724,0.765693738179907,19785,CAUCA,SUCRE,35,44,112,2505,2696
395,Desplazamiento forzado histórico por municipios en Colombia,1980-2014,Elaboración propia del CNMH. Información geográfica del informe Una nación desplazada,2021/09/22 00:00:00+00,0.0163343062833988,0.992246795093654,19807,CAUCA,TIMBÍO,19,190,1672,2882,4763
396,Desplazamiento forzado histórico por municipios en Colombia,1980-2014,Elaboración propia del CNMH. Información geográfica del informe Una nación desplazada,2021/09/22 00:00:00+00,0.0399803387000613,1.00061080112484,19821,CAUCA,TORIBÍO,39,101,1123,6857,8120
397,Desplazamiento forzado histórico por municipios en Colombia,1980-2014,Elaboración propia del CNMH. Información geográfica del informe Una nación desplazada,2021/09/22 00:00:00+00,0.0328369551781573,1.32850832214529,19824,CAUCA,TOTORÓ,28,17,207,689,941
398,Desplazamiento forzado histórico por municipios en Colombia,1980-2014,Elaboración propia del CNMH. Información geográfica del informe Una nación desplazada,2021/09/22 00:00:00+00,0.22219512575611,3.13003151641866,19256,CAUCA,EL TAMBO,139,548,9604,18900,29191
399,Desplazamiento forzado histórico por municipios en Colombia,1980-2014,Elaboración propia del CNMH. Información geográfica del informe Una nación desplazada,2021/09/22 00:00:00+00,0.207968979126459,2.2082879849687,19318,CAUCA,GUAPI,7,8,1161,12878,14054
400,Desplazamiento forzado histórico por municipios en Colombia,1980-2014,Elaboración propia del CNMH. Información geográfica del informe Una nación desplazada,2021/09/22 00:00:00+00,0.273120435080057,3.67422123167296,19418,CAUCA,LÓPEZ DE MICAY,16,46,7036,10537,17635
401,Desplazamiento forzado histórico por municipios en Colombia,1980-2014,Elaboración propia del CNMH. Información geográfica del informe Una nación desplazada,2021/09/22 00:00:00+00,0.166754122169438,2.43839098767006,19809,CAUCA,TIMBIQUÍ,10,73,2560,14117,16760
402,Desplazamiento forzado histórico por municipios en Colombia,1980-2014,Elaboración propia del CNMH. Información geográfica del informe Una nación desplazada,2021/09/22 00:00:00+00,0.0066294077358863,0.650756375186038,19845,CAUCA,VILLA RICA,14,3,19,210,246
403,Desplazamiento forzado histórico por municipios en Colombia,1980-2014,Elaboración propia del CNMH. Información geográfica del informe Una nación desplazada,2021/09/22 00:00:00+00,0.0154125470848069,1.04558254643977,19455,CAUCA,MIRANDA,35,46,1865,3734,5680
404,Desplazamiento forzado histórico por municipios en Colombia,1980-2014,Elaboración propia del CNMH. Información geográfica del informe Una nación desplazada,2021/09/22 00:00:00+00,0.0525264725741828,1.33587448029338,20032,CESAR,ASTREA,19,522,5499,1836,7876
405,Desplazamiento forzado histórico por municipios en Colombia,1980-2014,Elaboración propia del CNMH. Información geográfica del informe Una nación desplazada,2021/09/22 00:00:00+00,0.0483641539919376,1.28493664642044,20060,CESAR,BOSCONIA,46,481,6098,2508,9133
406,Desplazamiento forzado histórico por municipios en Colombia,1980-2014,Elaboración propia del CNMH. Información geográfica del informe Una nación desplazada,2021/09/22 00:00:00+00,0.113242352016488,2.47394551197171,20175,CESAR,CHIMICHAGUA,120,240,4059,3280,7699
407,Desplazamiento forzado histórico por municipios en Colombia,1980-2014,Elaboración propia del CNMH. Información geográfica del informe Una nación desplazada,2021/09/22 00:00:00+00,0.0917396883937967,2.4872058136647,20178,CESAR,CHIRIGUANÁ,64,347,7513,2363,10287
408,Desplazamiento forzado histórico por municipios en Colombia,1980-2014,Elaboración propia del CNMH. Información geográfica del informe Una nación desplazada,2021/09/22 00:00:00+00,0.0752924995424255,1.60625339304067,20228,CESAR,CURUMANÍ,282,1252,14991,7712,24237
409,Desplazamiento forzado histórico por municipios en Colombia,1980-2014,Elaboración propia del CNMH. Información geográfica del informe Una nación desplazada,2021/09/22 00:00:00+00,0.0789168644477547,1.67499541362736,20238,CESAR,EL COPEY,183,1727,16306,4599,22815
410,Desplazamiento forzado histórico por municipios en Colombia,1980-2014,Elaboración propia del CNMH. Información geográfica del informe Una nación desplazada,2021/09/22 00:00:00+00,0.0670183749467047,2.32553113168253,20250,CESAR,EL PASO,20,220,2319,1709,4268
411,Desplazamiento forzado histórico por municipios en Colombia,1980-2014,Elaboración propia del CNMH. Información geográfica del informe Una nación desplazada,2021/09/22 00:00:00+00,0.0268310568403668,0.994051331842396,20295,CESAR,GAMARRA,13,182,778,871,1844
412,Desplazamiento forzado histórico por municipios en Colombia,1980-2014,Elaboración propia del CNMH. Información geográfica del informe Una nación desplazada,2021/09/22 00:00:00+00,0.00599288305829309,0.434873425863361,20310,CESAR,GONZÁLEZ,22,31,164,261,478
413,Desplazamiento forzado histórico por municipios en Colombia,1980-2014,Elaboración propia del CNMH. Información geográfica del informe Una nación desplazada,2021/09/22 00:00:00+00,0.0659476274154831,1.95406000757468,20383,CESAR,LA GLORIA,31,1368,2940,1446,5785
414,Desplazamiento forzado histórico por municipios en Colombia,1980-2014,Elaboración propia del CNMH. Información geográfica del informe Una nación desplazada,2021/09/22 00:00:00+00,0.0622399973918215,2.08188528778497,20400,CESAR,LA JAGUA DE IBIRICO,69,629,10590,4576,15864
415,Desplazamiento forzado histórico por municipios en Colombia,1980-2014,Elaboración propia del CNMH. Información geográfica del informe Una nación desplazada,2021/09/22 00:00:00+00,0.0112886972305221,0.669730942286892,20443,CESAR,MANAURE BALCÓN DEL CESAR,54,173,1328,1888,3443
416,Desplazamiento forzado histórico por municipios en Colombia,1980-2014,Elaboración propia del CNMH. Información geográfica del informe Una nación desplazada,2021/09/22 00:00:00+00,0.0437210979526225,1.13822518047992,20517,CESAR,PAILITAS,123,1190,9864,3511,14688
417,Desplazamiento forzado histórico por municipios en Colombia,1980-2014,Elaboración propia del CNMH. Información geográfica del informe Una nación desplazada,2021/09/22 00:00:00+00,0.034789789968012,1.42386061142856,20550,CESAR,PELAYA,103,1590,6372,2981,11046
418,Desplazamiento forzado histórico por municipios en Colombia,1980-2014,Elaboración propia del CNMH. Información geográfica del informe Una nación desplazada,2021/09/22 00:00:00+00,0.045081021776998,1.35845770526848,20614,CESAR,RÍO DE ORO,38,264,730,536,1568
419,Desplazamiento forzado histórico por municipios en Colombia,1980-2014,Elaboración propia del CNMH. Información geográfica del informe Una nación desplazada,2021/09/22 00:00:00+00,0.0451021262244855,1.58125010328424,20710,CESAR,SAN ALBERTO,96,1982,3065,2104,7247
420,Desplazamiento forzado histórico por municipios en Colombia,1980-2014,Elaboración propia del CNMH. Información geográfica del informe Una nación desplazada,2021/09/22 00:00:00+00,0.0532870059938479,2.20531968657427,20750,CESAR,SAN DIEGO,60,1044,10300,3101,14505
421,Desplazamiento forzado histórico por municipios en Colombia,1980-2014,Elaboración propia del CNMH. Información geográfica del informe Una nación desplazada,2021/09/22 00:00:00+00,0.0421944983508469,1.04139329607405,20787,CESAR,TAMALAMEQUE,13,209,876,1179,2277
422,Desplazamiento forzado histórico por municipios en Colombia,1980-2014,Elaboración propia del CNMH. Información geográfica del informe Una nación desplazada,2021/09/22 00:00:00+00,0.345774194161684,4.84502129047066,20001,CESAR,VALLEDUPAR,343,2798,54843,19803,77787
423,Desplazamiento forzado histórico por municipios en Colombia,1980-2014,Elaboración propia del CNMH. Información geográfica del informe Una nación desplazada,2021/09/22 00:00:00+00,0.144507220385102,2.90706082203921,20013,CESAR,AGUSTÍN CODAZZI,313,1299,29395,10465,41472
424,Desplazamiento forzado histórico por municipios en Colombia,1980-2014,Elaboración propia del CNMH. Información geográfica del informe Una nación desplazada,2021/09/22 00:00:00+00,0.100945045244815,2.65454667639714,20045,CESAR,BECERRIL,99,758,11028,2721,14606
425,Desplazamiento forzado histórico por municipios en Colombia,1980-2014,Elaboración propia del CNMH. Información geográfica del informe Una nación desplazada,2021/09/22 00:00:00+00,0.0885113858140228,3.49274964549614,20621,CESAR,LA PAZ,74,486,6096,5507,12163
426,Desplazamiento forzado histórico por municipios en Colombia,1980-2014,Elaboración propia del CNMH. Información geográfica del informe Una nación desplazada,2021/09/22 00:00:00+00,0.0614181410976732,1.86003188788254,20570,CESAR,PUEBLO BELLO,199,599,7637,3137,11572
427,Desplazamiento forzado histórico por municipios en Colombia,1980-2014,Elaboración propia del CNMH. Información geográfica del informe Una nación desplazada,2021/09/22 00:00:00+00,0.0814486107071106,2.20145087156088,20770,CESAR,SAN MARTÍN,89,1086,1325,1736,4236
428,Desplazamiento forzado histórico por municipios en Colombia,1980-2014,Elaboración propia del CNMH. Información geográfica del informe Una nación desplazada,2021/09/22 00:00:00+00,0.0720236018588889,1.96496245726645,20011,CESAR,AGUACHICA,133,1393,7651,7445,16622
429,Desplazamiento forzado histórico por municipios en Colombia,1980-2014,Elaboración propia del CNMH. Información geográfica del informe Una nación desplazada,2021/09/22 00:00:00+00,0.257365710875756,3.7211991940482,23001,CÓRDOBA,MONTERÍA,5278,8694,8279,10173,32424
430,Desplazamiento forzado histórico por municipios en Colombia,1980-2014,Elaboración propia del CNMH. Información geográfica del informe Una nación desplazada,2021/09/22 00:00:00+00,0.161210107141134,2.40967908556587,23068,CÓRDOBA,AYAPEL,117,346,1119,5435,7017
431,Desplazamiento forzado histórico por municipios en Colombia,1980-2014,Elaboración propia del CNMH. Información geográfica del informe Una nación desplazada,2021/09/22 00:00:00+00,0.0684728433013538,1.88887294216897,23079,CÓRDOBA,BUENAVISTA,315,347,447,2279,3388
432,Desplazamiento forzado histórico por municipios en Colombia,1980-2014,Elaboración propia del CNMH. Información geográfica del informe Una nación desplazada,2021/09/22 00:00:00+00,0.0344651025677984,1.30446866670956,23090,CÓRDOBA,CANALETE,2126,1264,1279,1564,6233
433,Desplazamiento forzado histórico por municipios en Colombia,1980-2014,Elaboración propia del CNMH. Información geográfica del informe Una nación desplazada,2021/09/22 00:00:00+00,0.0238770657560054,1.49551820768948,23162,CÓRDOBA,CERETÉ,39,100,378,801,1318
434,Desplazamiento forzado histórico por municipios en Colombia,1980-2014,Elaboración propia del CNMH. Información geográfica del informe Una nación desplazada,2021/09/22 00:00:00+00,0.0266256476877472,0.91752936166246,23168,CÓRDOBA,CHIMÁ,18,125,194,169,506
435,Desplazamiento forzado histórico por municipios en Colombia,1980-2014,Elaboración propia del CNMH. Información geográfica del informe Una nación desplazada,2021/09/22 00:00:00+00,0.0514668499022996,1.72415285881225,23182,CÓRDOBA,CHINÚ,46,898,457,451,1852
436,Desplazamiento forzado histórico por municipios en Colombia,1980-2014,Elaboración propia del CNMH. Información geográfica del informe Una nación desplazada,2021/09/22 00:00:00+00,0.0526692832552659,1.97697044865138,23189,CÓRDOBA,CIÉNAGA DE ORO,40,53,337,627,1057
437,Desplazamiento forzado histórico por municipios en Colombia,1980-2014,Elaboración propia del CNMH. Información geográfica del informe Una nación desplazada,2021/09/22 00:00:00+00,0.00724967535345581,0.608215414198395,23300,CÓRDOBA,COTORRA,11,21,127,100,259
438,Desplazamiento forzado histórico por municipios en Colombia,1980-2014,Elaboración propia del CNMH. Información geográfica del informe Una nación desplazada,2021/09/22 00:00:00+00,0.0235353189333137,1.00547692755215,23350,CÓRDOBA,LA APARTADA,23,17,82,1945,2067
439,Desplazamiento forzado histórico por municipios en Colombia,1980-2014,Elaboración propia del CNMH. Información geográfica del informe Una nación desplazada,2021/09/22 00:00:00+00,0.0781487353319307,2.07061583223821,23417,CÓRDOBA,LORICA,43,238,837,2686,3804
440,Desplazamiento forzado histórico por municipios en Colombia,1980-2014,Elaboración propia del CNMH. Información geográfica del informe Una nación desplazada,2021/09/22 00:00:00+00,0.030043039522233,1.36898084022428,23419,CÓRDOBA,LOS CÓRDOBAS,594,762,657,938,2951
441,Desplazamiento forzado histórico por municipios en Colombia,1980-2014,Elaboración propia del CNMH. Información geográfica del informe Una nación desplazada,2021/09/22 00:00:00+00,0.0130543444723791,0.679390037281031,23464,CÓRDOBA,MOMIL,15,54,293,216,578
442,Desplazamiento forzado histórico por municipios en Colombia,1980-2014,Elaboración propia del CNMH. Información geográfica del informe Una nación desplazada,2021/09/22 00:00:00+00,0.0167058812851571,0.858602379918918,23500,CÓRDOBA,MOÑITOS,35,95,533,2155,2818
443,Desplazamiento forzado histórico por municipios en Colombia,1980-2014,Elaboración propia del CNMH. Información geográfica del informe Una nación desplazada,2021/09/22 00:00:00+00,0.0935514877664572,2.53149658193713,23555,CÓRDOBA,PLANETA RICA,230,705,1671,4764,7370
444,Desplazamiento forzado histórico por municipios en Colombia,1980-2014,Elaboración propia del CNMH. Información geográfica del informe Una nación desplazada,2021/09/22 00:00:00+00,0.0697017548949844,2.04023866564883,23570,CÓRDOBA,PUEBLO NUEVO,236,1518,937,1872,4563
445,Desplazamiento forzado histórico por municipios en Colombia,1980-2014,Elaboración propia del CNMH. Información geográfica del informe Una nación desplazada,2021/09/22 00:00:00+00,0.0337522537232941,1.15563630678582,23574,CÓRDOBA,PUERTO ESCONDIDO,46,189,552,1462,2249
446,Desplazamiento forzado histórico por municipios en Colombia,1980-2014,Elaboración propia del CNMH. Información geográfica del informe Una nación desplazada,2021/09/22 00:00:00+00,0.00968055467360496,0.786692063709285,23586,CÓRDOBA,PURÍSIMA DE LA CONCEPCIÓN,2,19,148,173,342
447,Desplazamiento forzado histórico por municipios en Colombia,1980-2014,Elaboración propia del CNMH. Información geográfica del informe Una nación desplazada,2021/09/22 00:00:00+00,0.0792485986233065,2.10413870798235,23660,CÓRDOBA,SAHAGÚN,34,217,748,859,1858
448,Desplazamiento forzado histórico por municipios en Colombia,1980-2014,Elaboración propia del CNMH. Información geográfica del informe Una nación desplazada,2021/09/22 00:00:00+00,0.0169999133788321,0.917086928727827,23670,CÓRDOBA,SAN ANDRÉS DE SOTAVENTO,97,603,1977,774,3451
449,Desplazamiento forzado histórico por municipios en Colombia,1980-2014,Elaboración propia del CNMH. Información geográfica del informe Una nación desplazada,2021/09/22 00:00:00+00,0.017064111517429,1.02038804443143,23672,CÓRDOBA,SAN ANTERO,20,100,231,749,1100
450,Desplazamiento forzado histórico por municipios en Colombia,1980-2014,Elaboración propia del CNMH. Información geográfica del informe Una nación desplazada,2021/09/22 00:00:00+00,0.0259371550481812,1.08053420431874,23675,CÓRDOBA,SAN BERNARDO DEL VIENTO,11,64,675,2439,3189
451,Desplazamiento forzado histórico por municipios en Colombia,1980-2014,Elaboración propia del CNMH. Información geográfica del informe Una nación desplazada,2021/09/22 00:00:00+00,0.0366848015569073,1.49239044545386,23678,CÓRDOBA,SAN CARLOS,28,249,296,405,978
452,Desplazamiento forzado histórico por municipios en Colombia,1980-2014,Elaboración propia del CNMH. Información geográfica del informe Una nación desplazada,2021/09/22 00:00:00+00,0.0430567371174575,1.57950960970273,23682,CÓRDOBA,SAN JOSÉ DE URÉ,27,356,491,3685,4559
453,Desplazamiento forzado histórico por municipios en Colombia,1980-2014,Elaboración propia del CNMH. Información geográfica del informe Una nación desplazada,2021/09/22 00:00:00+00,0.0366011066008401,1.85228710424261,23686,CÓRDOBA,SAN PELAYO,22,121,325,1525,1993
454,Desplazamiento forzado histórico por municipios en Colombia,1980-2014,Elaboración propia del CNMH. Información geográfica del informe Una nación desplazada,2021/09/22 00:00:00+00,0.00874693913145127,0.609158133365298,23815,CÓRDOBA,TUCHÍN,15,159,162,208,544
455,Desplazamiento forzado histórico por municipios en Colombia,1980-2014,Elaboración propia del CNMH. Información geográfica del informe Una nación desplazada,2021/09/22 00:00:00+00,0.0753255512111911,1.73864951151473,23855,CÓRDOBA,VALENCIA,598,4586,16771,10911,32866
456,Desplazamiento forzado histórico por municipios en Colombia,1980-2014,Elaboración propia del CNMH. Información geográfica del informe Una nación desplazada,2021/09/22 00:00:00+00,0.127069909463323,4.35493878283374,23466,CÓRDOBA,MONTELÍBANO,262,931,12593,25298,39084
457,Desplazamiento forzado histórico por municipios en Colombia,1980-2014,Elaboración propia del CNMH. Información geográfica del informe Una nación desplazada,2021/09/22 00:00:00+00,0.134917388613412,2.79842287652893,23580,CÓRDOBA,PUERTO LIBERTADOR,151,617,12075,26272,39115
458,Desplazamiento forzado histórico por municipios en Colombia,1980-2014,Elaboración propia del CNMH. Información geográfica del informe Una nación desplazada,2021/09/22 00:00:00+00,0.404278539643386,3.73961873214942,23807,CÓRDOBA,TIERRALTA,2472,12641,50742,32252,98107
459,Desplazamiento forzado histórico por municipios en Colombia,1980-2014,Elaboración propia del CNMH. Información geográfica del informe Una nación desplazada,2021/09/22 00:00:00+00,0.00414441103426513,0.516214238386965,25019,CUNDINAMARCA,ALBÁN,0,15,489,129,633
460,Desplazamiento forzado histórico por municipios en Colombia,1980-2014,Elaboración propia del CNMH. Información geográfica del informe Una nación desplazada,2021/09/22 00:00:00+00,0.0101046914253553,0.683344662731236,25035,CUNDINAMARCA,ANAPOIMA,0,0,154,137,291
461,Desplazamiento forzado histórico por municipios en Colombia,1980-2014,Elaboración propia del CNMH. Información geográfica del informe Una nación desplazada,2021/09/22 00:00:00+00,0.00985926812592349,0.528008087363297,25040,CUNDINAMARCA,ANOLAIMA,0,11,268,151,430
462,Desplazamiento forzado histórico por municipios en Colombia,1980-2014,Elaboración propia del CNMH. Información geográfica del informe Una nación desplazada,2021/09/22 00:00:00+00,0.0116037842872487,0.806584346463235,25053,CUNDINAMARCA,ARBELÁEZ,3,10,519,444,976
463,Desplazamiento forzado histórico por municipios en Colombia,1980-2014,Elaboración propia del CNMH. Información geográfica del informe Una nación desplazada,2021/09/22 00:00:00+00,0.0144126849033469,0.909414520942234,25086,CUNDINAMARCA,BELTRÁN,1,21,240,210,472
464,Desplazamiento forzado histórico por municipios en Colombia,1980-2014,Elaboración propia del CNMH. Información geográfica del informe Una nación desplazada,2021/09/22 00:00:00+00,0.00497654083543774,0.490795745401728,25095,CUNDINAMARCA,BITUIMA,1,0,188,96,285
465,Desplazamiento forzado histórico por municipios en Colombia,1980-2014,Elaboración propia del CNMH. Información geográfica del informe Una nación desplazada,2021/09/22 00:00:00+00,0.00833959709151861,0.497916888069266,25099,CUNDINAMARCA,BOJACÁ,0,0,38,27,65
466,Desplazamiento forzado histórico por municipios en Colombia,1980-2014,Elaboración propia del CNMH. Información geográfica del informe Una nación desplazada,2021/09/22 00:00:00+00,0.0343473625496482,1.01880514563746,25120,CUNDINAMARCA,CABRERA,8,83,719,931,1741
467,Desplazamiento forzado histórico por municipios en Colombia,1980-2014,Elaboración propia del CNMH. Información geográfica del informe Una nación desplazada,2021/09/22 00:00:00+00,0.00435674447054423,0.421110449318442,25123,CUNDINAMARCA,CACHIPAY,5,8,89,66,168
468,Desplazamiento forzado histórico por municipios en Colombia,1980-2014,Elaboración propia del CNMH. Información geográfica del informe Una nación desplazada,2021/09/22 00:00:00+00,0.00414854545471542,0.403753955720004,25126,CUNDINAMARCA,CAJICÁ,0,8,33,58,99
469,Desplazamiento forzado histórico por municipios en Colombia,1980-2014,Elaboración propia del CNMH. Información geográfica del informe Una nación desplazada,2021/09/22 00:00:00+00,0.0502299358963981,1.17179487006002,25148,CUNDINAMARCA,CAPARRAPÍ,103,359,3695,1122,5279
470,Desplazamiento forzado histórico por municipios en Colombia,1980-2014,Elaboración propia del CNMH. Información geográfica del informe Una nación desplazada,2021/09/22 00:00:00+00,0.00908495196071477,0.579900265941249,25151,CUNDINAMARCA,CÁQUEZA,1,15,135,92,243
471,Desplazamiento forzado histórico por municipios en Colombia,1980-2014,Elaboración propia del CNMH. Información geográfica del informe Una nación desplazada,2021/09/22 00:00:00+00,0.0243570802663198,0.943872905472425,25154,CUNDINAMARCA,CARMEN DE CARUPA,0,1,27,10,38
472,Desplazamiento forzado histórico por municipios en Colombia,1980-2014,Elaboración propia del CNMH. Información geográfica del informe Una nación desplazada,2021/09/22 00:00:00+00,0.0140252990951075,0.654525864764976,25168,CUNDINAMARCA,CHAGUANÍ,34,86,959,197,1276
473,Desplazamiento forzado histórico por municipios en Colombia,1980-2014,Elaboración propia del CNMH. Información geográfica del informe Una nación desplazada,2021/09/22 00:00:00+00,0.0122663804045492,0.729764797528755,25178,CUNDINAMARCA,CHIPAQUE,0,0,104,95,199
474,Desplazamiento forzado histórico por municipios en Colombia,1980-2014,Elaboración propia del CNMH. Información geográfica del informe Una nación desplazada,2021/09/22 00:00:00+00,0.0173109184060815,0.752164507434926,25181,CUNDINAMARCA,CHOACHÍ,0,6,16,53,75
475,Desplazamiento forzado histórico por municipios en Colombia,1980-2014,Elaboración propia del CNMH. Información geográfica del informe Una nación desplazada,2021/09/22 00:00:00+00,0.0244818711876333,1.03732075802828,25183,CUNDINAMARCA,CHOCONTÁ,0,0,54,44,98
476,Desplazamiento forzado histórico por municipios en Colombia,1980-2014,Elaboración propia del CNMH. Información geográfica del informe Una nación desplazada,2021/09/22 00:00:00+00,0.0108353102934705,0.683982338871127,25200,CUNDINAMARCA,COGUA,0,0,0,17,17
477,Desplazamiento forzado histórico por municipios en Colombia,1980-2014,Elaboración propia del CNMH. Información geográfica del informe Una nación desplazada,2021/09/22 00:00:00+00,0.00438033860315752,0.520685123539425,25214,CUNDINAMARCA,COTA,0,0,1,12,13
478,Desplazamiento forzado histórico por municipios en Colombia,1980-2014,Elaboración propia del CNMH. Información geográfica del informe Una nación desplazada,2021/09/22 00:00:00+00,0.00895958377317017,0.555568582945861,25224,CUNDINAMARCA,CUCUNUBÁ,1,0,4,5,10
479,Desplazamiento forzado histórico por municipios en Colombia,1980-2014,Elaboración propia del CNMH. Información geográfica del informe Una nación desplazada,2021/09/22 00:00:00+00,0.00963824283120691,0.522783820469194,25245,CUNDINAMARCA,EL COLEGIO,0,10,385,647,1042
480,Desplazamiento forzado histórico por municipios en Colombia,1980-2014,Elaboración propia del CNMH. Información geográfica del informe Una nación desplazada,2021/09/22 00:00:00+00,0.0109383609015065,0.698073765448883,25258,CUNDINAMARCA,EL PEÑÓN,15,110,2135,329,2589
481,Desplazamiento forzado histórico por municipios en Colombia,1980-2014,Elaboración propia del CNMH. Información geográfica del informe Una nación desplazada,2021/09/22 00:00:00+00,0.0128800232137568,0.675208427573329,25269,CUNDINAMARCA,FACATATIVÁ,0,7,95,218,320
482,Desplazamiento forzado histórico por municipios en Colombia,1980-2014,Elaboración propia del CNMH. Información geográfica del informe Una nación desplazada,2021/09/22 00:00:00+00,0.0374980963501292,0.992036049902212,25279,CUNDINAMARCA,FÓMEQUE,0,2,87,104,193
483,Desplazamiento forzado histórico por municipios en Colombia,1980-2014,Elaboración propia del CNMH. Información geográfica del informe Una nación desplazada,2021/09/22 00:00:00+00,0.00905923918645115,0.518048342818775,25281,CUNDINAMARCA,FOSCA,0,21,99,52,172
484,Desplazamiento forzado histórico por municipios en Colombia,1980-2014,Elaboración propia del CNMH. Información geográfica del informe Una nación desplazada,2021/09/22 00:00:00+00,0.00552270958940394,0.409944896825854,25286,CUNDINAMARCA,FUNZA,0,5,22,63,90
485,Desplazamiento forzado histórico por municipios en Colombia,1980-2014,Elaboración propia del CNMH. Información geográfica del informe Una nación desplazada,2021/09/22 00:00:00+00,0.00632030735973905,0.437688199336764,25288,CUNDINAMARCA,FÚQUENE,0,0,7,6,13
486,Desplazamiento forzado histórico por municipios en Colombia,1980-2014,Elaboración propia del CNMH. Información geográfica del informe Una nación desplazada,2021/09/22 00:00:00+00,0.0313751419475928,1.10342864487621,25293,CUNDINAMARCA,GACHALÁ,7,34,282,200,523
487,Desplazamiento forzado histórico por municipios en Colombia,1980-2014,Elaboración propia del CNMH. Información geográfica del informe Una nación desplazada,2021/09/22 00:00:00+00,0.00351103615900773,0.292826131054963,25295,CUNDINAMARCA,GACHANCIPÁ,0,1,0,11,12
488,Desplazamiento forzado histórico por municipios en Colombia,1980-2014,Elaboración propia del CNMH. Información geográfica del informe Una nación desplazada,2021/09/22 00:00:00+00,0.0211028991273719,0.771919018087821,25297,CUNDINAMARCA,GACHETÁ,3,3,198,208,412
489,Desplazamiento forzado histórico por municipios en Colombia,1980-2014,Elaboración propia del CNMH. Información geográfica del informe Una nación desplazada,2021/09/22 00:00:00+00,0.00877698116582173,0.446980377355416,25299,CUNDINAMARCA,GAMA,0,0,119,36,155
490,Desplazamiento forzado histórico por municipios en Colombia,1980-2014,Elaboración propia del CNMH. Información geográfica del informe Una nación desplazada,2021/09/22 00:00:00+00,0.00494662184308246,0.390419166795511,25312,CUNDINAMARCA,GRANADA,0,3,53,97,153
491,Desplazamiento forzado histórico por municipios en Colombia,1980-2014,Elaboración propia del CNMH. Información geográfica del informe Una nación desplazada,2021/09/22 00:00:00+00,0.0138841022574897,0.632315087660606,25317,CUNDINAMARCA,GUACHETÁ,0,5,39,23,67
492,Desplazamiento forzado histórico por municipios en Colombia,1980-2014,Elaboración propia del CNMH. Información geográfica del informe Una nación desplazada,2021/09/22 00:00:00+00,0.0622827836763947,1.57090688060061,25320,CUNDINAMARCA,GUADUAS,8,34,944,806,1792
493,Desplazamiento forzado histórico por municipios en Colombia,1980-2014,Elaboración propia del CNMH. Información geográfica del informe Una nación desplazada,2021/09/22 00:00:00+00,0.0293944426005065,0.943325410663004,25322,CUNDINAMARCA,GUASCA,0,0,36,32,68
494,Desplazamiento forzado histórico por municipios en Colombia,1980-2014,Elaboración propia del CNMH. Información geográfica del informe Una nación desplazada,2021/09/22 00:00:00+00,0.00741027925463143,0.575711507469609,25324,CUNDINAMARCA,GUATAQUÍ,0,4,41,72,117
495,Desplazamiento forzado histórico por municipios en Colombia,1980-2014,Elaboración propia del CNMH. Información geográfica del informe Una nación desplazada,2021/09/22 00:00:00+00,0.0205757527702238,0.749888721016968,25326,CUNDINAMARCA,GUATAVITA,0,0,8,14,22
496,Desplazamiento forzado histórico por municipios en Colombia,1980-2014,Elaboración propia del CNMH. Información geográfica del informe Una nación desplazada,2021/09/22 00:00:00+00,0.00504419590037718,0.444128161831297,25328,CUNDINAMARCA,GUAYABAL DE SÍQUIMA,1,27,481,200,709
497,Desplazamiento forzado histórico por municipios en Colombia,1980-2014,Elaboración propia del CNMH. Información geográfica del informe Una nación desplazada,2021/09/22 00:00:00+00,0.0181503204039224,0.829519763559598,25335,CUNDINAMARCA,GUAYABETAL,0,52,360,138,550
498,Desplazamiento forzado histórico por municipios en Colombia,1980-2014,Elaboración propia del CNMH. Información geográfica del informe Una nación desplazada,2021/09/22 00:00:00+00,0.036915341079958,1.18874087759001,25339,CUNDINAMARCA,GUTIÉRREZ,0,27,357,222,606
499,Desplazamiento forzado histórico por municipios en Colombia,1980-2014,Elaboración propia del CNMH. Información geográfica del informe Una nación desplazada,2021/09/22 00:00:00+00,0.0180780368840585,0.715303447136309,25368,CUNDINAMARCA,JERUSALÉN,1,47,205,121,374
500,Desplazamiento forzado histórico por municipios en Colombia,1980-2014,Elaboración propia del CNMH. Información geográfica del informe Una nación desplazada,2021/09/22 00:00:00+00,0.0280233645942105,1.05951466661923,25372,CUNDINAMARCA,JUNÍN,0,21,235,84,340
501,Desplazamiento forzado histórico por municipios en Colombia,1980-2014,Elaboración propia del CNMH. Información geográfica del informe Una nación desplazada,2021/09/22 00:00:00+00,0.0266180111523174,1.03514239387015,25377,CUNDINAMARCA,LA CALERA,0,0,48,74,122
502,Desplazamiento forzado histórico por municipios en Colombia,1980-2014,Elaboración propia del CNMH. Información geográfica del informe Una nación desplazada,2021/09/22 00:00:00+00,0.0120784743448221,0.601795230782551,25386,CUNDINAMARCA,LA MESA,3,5,312,411,731
503,Desplazamiento forzado histórico por municipios en Colombia,1980-2014,Elaboración propia del CNMH. Información geográfica del informe Una nación desplazada,2021/09/22 00:00:00+00,0.0155650848109434,0.899227199822746,25394,CUNDINAMARCA,LA PALMA,84,383,12571,874,13912
504,Desplazamiento forzado histórico por municipios en Colombia,1980-2014,Elaboración propia del CNMH. Información geográfica del informe Una nación desplazada,2021/09/22 00:00:00+00,0.0104772886007615,0.557107131310298,25398,CUNDINAMARCA,LA PEÑA,23,88,797,162,1070
505,Desplazamiento forzado histórico por municipios en Colombia,1980-2014,Elaboración propia del CNMH. Información geográfica del informe Una nación desplazada,2021/09/22 00:00:00+00,0.0126741682001907,0.733051114816717,25402,CUNDINAMARCA,LA VEGA,0,9,62,108,179
506,Desplazamiento forzado histórico por municipios en Colombia,1980-2014,Elaboración propia del CNMH. Información geográfica del informe Una nación desplazada,2021/09/22 00:00:00+00,0.0126958498316027,0.625165541686033,25407,CUNDINAMARCA,LENGUAZAQUE,0,0,4,12,16
507,Desplazamiento forzado histórico por municipios en Colombia,1980-2014,Elaboración propia del CNMH. Información geográfica del informe Una nación desplazada,2021/09/22 00:00:00+00,0.0186901685693949,0.714034112169741,25426,CUNDINAMARCA,MACHETÁ,0,2,94,84,180
508,Desplazamiento forzado histórico por municipios en Colombia,1980-2014,Elaboración propia del CNMH. Información geográfica del informe Una nación desplazada,2021/09/22 00:00:00+00,0.00975170998291081,0.720004343088206,25430,CUNDINAMARCA,MADRID,0,5,17,61,83
509,Desplazamiento forzado histórico por municipios en Colombia,1980-2014,Elaboración propia del CNMH. Información geográfica del informe Una nación desplazada,2021/09/22 00:00:00+00,0.00879800245950314,0.470542602055281,25436,CUNDINAMARCA,MANTA,0,7,76,48,131
510,Desplazamiento forzado histórico por municipios en Colombia,1980-2014,Elaboración propia del CNMH. Información geográfica del informe Una nación desplazada,2021/09/22 00:00:00+00,0.0975020051034501,1.44930389795497,25438,CUNDINAMARCA,MEDINA,23,584,3214,1057,4878
511,Desplazamiento forzado histórico por municipios en Colombia,1980-2014,Elaboración propia del CNMH. Información geográfica del informe Una nación desplazada,2021/09/22 00:00:00+00,0.00449367359051287,0.521911692623711,25483,CUNDINAMARCA,NARIÑO,0,0,20,43,63
512,Desplazamiento forzado histórico por municipios en Colombia,1980-2014,Elaboración propia del CNMH. Información geográfica del informe Una nación desplazada,2021/09/22 00:00:00+00,0.00802333948129822,0.553180260607761,25486,CUNDINAMARCA,NEMOCÓN,0,1,2,11,14
513,Desplazamiento forzado histórico por municipios en Colombia,1980-2014,Elaboración propia del CNMH. Información geográfica del informe Una nación desplazada,2021/09/22 00:00:00+00,0.0182960189566823,0.844752169316805,25488,CUNDINAMARCA,NILO,0,0,30,50,80
514,Desplazamiento forzado histórico por municipios en Colombia,1980-2014,Elaboración propia del CNMH. Información geográfica del informe Una nación desplazada,2021/09/22 00:00:00+00,0.00485411157266808,0.498805979364127,25489,CUNDINAMARCA,NIMAIMA,1,6,231,95,333
515,Desplazamiento forzado histórico por municipios en Colombia,1980-2014,Elaboración propia del CNMH. Información geográfica del informe Una nación desplazada,2021/09/22 00:00:00+00,0.00562181387130465,0.398799191521793,25491,CUNDINAMARCA,NOCAIMA,0,10,85,53,148
516,Desplazamiento forzado histórico por municipios en Colombia,1980-2014,Elaboración propia del CNMH. Información geográfica del informe Una nación desplazada,2021/09/22 00:00:00+00,0.00995182519507021,0.48736827363763,25506,CUNDINAMARCA,VENECIA,9,29,301,588,927
517,Desplazamiento forzado histórico por municipios en Colombia,1980-2014,Elaboración propia del CNMH. Información geográfica del informe Una nación desplazada,2021/09/22 00:00:00+00,0.0328396243228624,1.20216295281074,25513,CUNDINAMARCA,PACHO,10,61,578,476,1125
518,Desplazamiento forzado histórico por municipios en Colombia,1980-2014,Elaboración propia del CNMH. Información geográfica del informe Una nación desplazada,2021/09/22 00:00:00+00,0.0141672087029728,0.689084736730007,25518,CUNDINAMARCA,PAIME,15,131,316,378,840
519,Desplazamiento forzado histórico por municipios en Colombia,1980-2014,Elaboración propia del CNMH. Información geográfica del informe Una nación desplazada,2021/09/22 00:00:00+00,0.00583962336898338,0.406085878216859,25524,CUNDINAMARCA,PANDI,10,36,594,666,1306
520,Desplazamiento forzado histórico por municipios en Colombia,1980-2014,Elaboración propia del CNMH. Información geográfica del informe Una nación desplazada,2021/09/22 00:00:00+00,0.0721361349155851,1.79234392293215,25530,CUNDINAMARCA,PARATEBUENO,0,72,614,369,1055
521,Desplazamiento forzado histórico por municipios en Colombia,1980-2014,Elaboración propia del CNMH. Información geográfica del informe Una nación desplazada,2021/09/22 00:00:00+00,0.0221344763480513,0.7145521779691,25535,CUNDINAMARCA,PASCA,0,27,277,516,820
522,Desplazamiento forzado histórico por municipios en Colombia,1980-2014,Elaboración propia del CNMH. Información geográfica del informe Una nación desplazada,2021/09/22 00:00:00+00,0.0421093703198437,1.3299991553784,25572,CUNDINAMARCA,PUERTO SALGAR,17,19,100,361,497
523,Desplazamiento forzado histórico por municipios en Colombia,1980-2014,Elaboración propia del CNMH. Información geográfica del informe Una nación desplazada,2021/09/22 00:00:00+00,0.0161110899195396,0.665004061995139,25580,CUNDINAMARCA,PULÍ,12,57,958,277,1304
524,Desplazamiento forzado histórico por municipios en Colombia,1980-2014,Elaboración propia del CNMH. Información geográfica del informe Una nación desplazada,2021/09/22 00:00:00+00,0.00651235905744148,0.401058303681823,25592,CUNDINAMARCA,QUEBRADANEGRA,0,16,687,93,796
525,Desplazamiento forzado histórico por municipios en Colombia,1980-2014,Elaboración propia del CNMH. Información geográfica del informe Una nación desplazada,2021/09/22 00:00:00+00,0.0112284007806029,0.5956356059958,25594,CUNDINAMARCA,QUETAME,0,3,104,64,171
526,Desplazamiento forzado histórico por municipios en Colombia,1980-2014,Elaboración propia del CNMH. Información geográfica del informe Una nación desplazada,2021/09/22 00:00:00+00,0.0104094257437461,0.613250997152665,25596,CUNDINAMARCA,QUIPILE,42,88,987,540,1657
527,Desplazamiento forzado histórico por municipios en Colombia,1980-2014,Elaboración propia del CNMH. Información geográfica del informe Una nación desplazada,2021/09/22 00:00:00+00,0.00993277709240844,0.725695672162452,25599,CUNDINAMARCA,APULO,2,1,186,178,367
528,Desplazamiento forzado histórico por municipios en Colombia,1980-2014,Elaboración propia del CNMH. Información geográfica del informe Una nación desplazada,2021/09/22 00:00:00+00,0.0104502743471522,0.759178376333166,25612,CUNDINAMARCA,RICAURTE,0,5,17,32,54
529,Desplazamiento forzado histórico por municipios en Colombia,1980-2014,Elaboración propia del CNMH. Información geográfica del informe Una nación desplazada,2021/09/22 00:00:00+00,0.00721762173469902,0.378071977089252,25645,CUNDINAMARCA,SAN ANTONIO DEL TEQUENDAMA,0,4,64,156,224
530,Desplazamiento forzado histórico por municipios en Colombia,1980-2014,Elaboración propia del CNMH. Información geográfica del informe Una nación desplazada,2021/09/22 00:00:00+00,0.0201183897582039,0.882682371907076,25649,CUNDINAMARCA,SAN BERNARDO,1,22,224,354,601
531,Desplazamiento forzado histórico por municipios en Colombia,1980-2014,Elaboración propia del CNMH. Información geográfica del informe Una nación desplazada,2021/09/22 00:00:00+00,0.0234800176178271,0.828099233243617,25653,CUNDINAMARCA,SAN CAYETANO,0,13,136,105,254
532,Desplazamiento forzado histórico por municipios en Colombia,1980-2014,Elaboración propia del CNMH. Información geográfica del informe Una nación desplazada,2021/09/22 00:00:00+00,0.00968226901694422,0.598625708442946,25658,CUNDINAMARCA,SAN FRANCISCO,0,2,66,45,113
533,Desplazamiento forzado histórico por municipios en Colombia,1980-2014,Elaboración propia del CNMH. Información geográfica del informe Una nación desplazada,2021/09/22 00:00:00+00,0.00910040789662941,0.592406422038592,25718,CUNDINAMARCA,SASAIMA,0,5,412,188,605
534,Desplazamiento forzado histórico por municipios en Colombia,1980-2014,Elaboración propia del CNMH. Información geográfica del informe Una nación desplazada,2021/09/22 00:00:00+00,0.0115097850051913,0.639670337828496,25736,CUNDINAMARCA,SESQUILÉ,0,0,38,10,48
535,Desplazamiento forzado histórico por municipios en Colombia,1980-2014,Elaboración propia del CNMH. Información geográfica del informe Una nación desplazada,2021/09/22 00:00:00+00,0.0132459896171757,0.570284116842041,25743,CUNDINAMARCA,SILVANIA,0,78,2087,943,3108
536,Desplazamiento forzado histórico por municipios en Colombia,1980-2014,Elaboración propia del CNMH. Información geográfica del informe Una nación desplazada,2021/09/22 00:00:00+00,0.00789262180051564,0.482285453970731,25745,CUNDINAMARCA,SIMIJACA,0,0,24,16,40
537,Desplazamiento forzado histórico por municipios en Colombia,1980-2014,Elaboración propia del CNMH. Información geográfica del informe Una nación desplazada,2021/09/22 00:00:00+00,0.00905717324045261,0.598567155868817,25758,CUNDINAMARCA,SOPÓ,0,0,3,47,50
538,Desplazamiento forzado histórico por municipios en Colombia,1980-2014,Elaboración propia del CNMH. Información geográfica del informe Una nación desplazada,2021/09/22 00:00:00+00,0.0170583356797326,0.733032354373046,25769,CUNDINAMARCA,SUBACHOQUE,0,0,20,27,47
539,Desplazamiento forzado histórico por municipios en Colombia,1980-2014,Elaboración propia del CNMH. Información geográfica del informe Una nación desplazada,2021/09/22 00:00:00+00,0.0141145768714675,0.909291194535334,25772,CUNDINAMARCA,SUESCA,0,0,0,8,8
540,Desplazamiento forzado histórico por municipios en Colombia,1980-2014,Elaboración propia del CNMH. Información geográfica del informe Una nación desplazada,2021/09/22 00:00:00+00,0.0106332570702333,0.492310993767258,25777,CUNDINAMARCA,SUPATÁ,0,5,56,35,96
541,Desplazamiento forzado histórico por municipios en Colombia,1980-2014,Elaboración propia del CNMH. Información geográfica del informe Una nación desplazada,2021/09/22 00:00:00+00,0.00849870534515324,0.534258042651401,25779,CUNDINAMARCA,SUSA,2,0,10,3,15
543,Desplazamiento forzado histórico por municipios en Colombia,1980-2014,Elaboración propia del CNMH. Información geográfica del informe Una nación desplazada,2021/09/22 00:00:00+00,0.006131457432261,0.428970608469781,25785,CUNDINAMARCA,TABIO,0,0,13,18,31
544,Desplazamiento forzado histórico por municipios en Colombia,1980-2014,Elaboración propia del CNMH. Información geográfica del informe Una nación desplazada,2021/09/22 00:00:00+00,0.0164659862664224,0.974639365792934,25793,CUNDINAMARCA,TAUSA,0,0,0,20,20
545,Desplazamiento forzado histórico por municipios en Colombia,1980-2014,Elaboración propia del CNMH. Información geográfica del informe Una nación desplazada,2021/09/22 00:00:00+00,0.00419212942466137,0.395737600108352,25797,CUNDINAMARCA,TENA,6,12,27,75,120
546,Desplazamiento forzado histórico por municipios en Colombia,1980-2014,Elaboración propia del CNMH. Información geográfica del informe Una nación desplazada,2021/09/22 00:00:00+00,0.0093079946951116,0.565941810510079,25799,CUNDINAMARCA,TENJO,0,0,9,19,28
547,Desplazamiento forzado histórico por municipios en Colombia,1980-2014,Elaboración propia del CNMH. Información geográfica del informe Una nación desplazada,2021/09/22 00:00:00+00,0.00690410151611534,0.433371134046016,25805,CUNDINAMARCA,TIBACUY,5,45,801,309,1160
548,Desplazamiento forzado histórico por municipios en Colombia,1980-2014,Elaboración propia del CNMH. Información geográfica del informe Una nación desplazada,2021/09/22 00:00:00+00,0.00461117527959372,0.330807773881777,25807,CUNDINAMARCA,TIBIRITA,0,0,22,23,45
549,Desplazamiento forzado histórico por municipios en Colombia,1980-2014,Elaboración propia del CNMH. Información geográfica del informe Una nación desplazada,2021/09/22 00:00:00+00,0.0200300323012452,1.02717746686143,25815,CUNDINAMARCA,TOCAIMA,7,5,348,234,594
550,Desplazamiento forzado histórico por municipios en Colombia,1980-2014,Elaboración propia del CNMH. Información geográfica del informe Una nación desplazada,2021/09/22 00:00:00+00,0.00597189458524527,0.506874090625241,25817,CUNDINAMARCA,TOCANCIPÁ,0,0,5,19,24
551,Desplazamiento forzado histórico por municipios en Colombia,1980-2014,Elaboración propia del CNMH. Información geográfica del informe Una nación desplazada,2021/09/22 00:00:00+00,0.0117248526264439,0.770982005649337,25823,CUNDINAMARCA,TOPAIPÍ,19,63,2040,375,2497
552,Desplazamiento forzado histórico por municipios en Colombia,1980-2014,Elaboración propia del CNMH. Información geográfica del informe Una nación desplazada,2021/09/22 00:00:00+00,0.0425820213735282,1.46356762925553,25839,CUNDINAMARCA,UBALÁ,5,74,352,397,828
553,Desplazamiento forzado histórico por municipios en Colombia,1980-2014,Elaboración propia del CNMH. Información geográfica del informe Una nación desplazada,2021/09/22 00:00:00+00,0.00872631302805045,0.527974210524278,25841,CUNDINAMARCA,UBAQUE,0,2,77,134,213
554,Desplazamiento forzado histórico por municipios en Colombia,1980-2014,Elaboración propia del CNMH. Información geográfica del informe Una nación desplazada,2021/09/22 00:00:00+00,0.00834383065884644,0.470363563885342,25843,CUNDINAMARCA,VILLA DE SAN DIEGO DE UBATÉ,0,6,32,48,86
555,Desplazamiento forzado histórico por municipios en Colombia,1980-2014,Elaboración propia del CNMH. Información geográfica del informe Una nación desplazada,2021/09/22 00:00:00+00,0.0170364834262283,0.892926823637176,25845,CUNDINAMARCA,UNE,0,97,121,133,351
556,Desplazamiento forzado histórico por municipios en Colombia,1980-2014,Elaboración propia del CNMH. Información geográfica del informe Una nación desplazada,2021/09/22 00:00:00+00,0.00751065310810858,0.533078134356377,25851,CUNDINAMARCA,ÚTICA,0,30,349,183,562
557,Desplazamiento forzado histórico por municipios en Colombia,1980-2014,Elaboración propia del CNMH. Información geográfica del informe Una nación desplazada,2021/09/22 00:00:00+00,0.0117973832437429,0.615772197193618,25862,CUNDINAMARCA,VERGARA,3,32,563,271,869
558,Desplazamiento forzado histórico por municipios en Colombia,1980-2014,Elaboración propia del CNMH. Información geográfica del informe Una nación desplazada,2021/09/22 00:00:00+00,0.00547176093201979,0.48030416490484,25867,CUNDINAMARCA,VIANÍ,0,22,414,147,583
559,Desplazamiento forzado histórico por municipios en Colombia,1980-2014,Elaboración propia del CNMH. Información geográfica del informe Una nación desplazada,2021/09/22 00:00:00+00,0.00513677354383531,0.48276327363914,25871,CUNDINAMARCA,VILLAGÓMEZ,17,30,293,86,426
560,Desplazamiento forzado histórico por municipios en Colombia,1980-2014,Elaboración propia del CNMH. Información geográfica del informe Una nación desplazada,2021/09/22 00:00:00+00,0.0184467105733937,0.81123046713993,25873,CUNDINAMARCA,VILLAPINZÓN,2,0,637,49,688
561,Desplazamiento forzado histórico por municipios en Colombia,1980-2014,Elaboración propia del CNMH. Información geográfica del informe Una nación desplazada,2021/09/22 00:00:00+00,0.0114879663379258,0.584876729987962,25875,CUNDINAMARCA,VILLETA,0,19,668,279,966
562,Desplazamiento forzado histórico por municipios en Colombia,1980-2014,Elaboración propia del CNMH. Información geográfica del informe Una nación desplazada,2021/09/22 00:00:00+00,0.0164044219784804,0.736927988227,25878,CUNDINAMARCA,VIOTÁ,22,527,8718,1295,10562
563,Desplazamiento forzado histórico por municipios en Colombia,1980-2014,Elaboración propia del CNMH. Información geográfica del informe Una nación desplazada,2021/09/22 00:00:00+00,0.0780897274576673,1.99993000932899,25885,CUNDINAMARCA,YACOPÍ,473,666,2439,1543,5121
564,Desplazamiento forzado histórico por municipios en Colombia,1980-2014,Elaboración propia del CNMH. Información geográfica del informe Una nación desplazada,2021/09/22 00:00:00+00,0.00442366097404689,0.351595405894067,25898,CUNDINAMARCA,ZIPACÓN,0,0,5,0,5
565,Desplazamiento forzado histórico por municipios en Colombia,1980-2014,Elaboración propia del CNMH. Información geográfica del informe Una nación desplazada,2021/09/22 00:00:00+00,0.0158873065377015,0.970994131729285,25899,CUNDINAMARCA,ZIPAQUIRÁ,0,0,28,81,109
566,Desplazamiento forzado histórico por municipios en Colombia,1980-2014,Elaboración propia del CNMH. Información geográfica del informe Una nación desplazada,2021/09/22 00:00:00+00,0.00698507264545092,0.473288251693821,25001,CUNDINAMARCA,AGUA DE DIOS,0,4,191,92,287
567,Desplazamiento forzado histórico por municipios en Colombia,1980-2014,Elaboración propia del CNMH. Información geográfica del informe Una nación desplazada,2021/09/22 00:00:00+00,0.010601871286916,0.692975308115657,25307,CUNDINAMARCA,GIRARDOT,0,14,182,385,581
568,Desplazamiento forzado histórico por municipios en Colombia,1980-2014,Elaboración propia del CNMH. Información geográfica del informe Una nación desplazada,2021/09/22 00:00:00+00,0.015274772650308,0.91347429491068,25754,CUNDINAMARCA,SOACHA,0,7,310,2709,3026
569,Desplazamiento forzado histórico por municipios en Colombia,1980-2014,Elaboración propia del CNMH. Información geográfica del informe Una nación desplazada,2021/09/22 00:00:00+00,0.00655856441008631,0.502740662715941,25175,CUNDINAMARCA,CHÍA,0,0,39,48,87
570,Desplazamiento forzado histórico por municipios en Colombia,1980-2014,Elaboración propia del CNMH. Información geográfica del informe Una nación desplazada,2021/09/22 00:00:00+00,0.00711234359751611,0.426678599053966,25260,CUNDINAMARCA,EL ROSAL,0,0,2,31,33
571,Desplazamiento forzado histórico por municipios en Colombia,1980-2014,Elaboración propia del CNMH. Información geográfica del informe Una nación desplazada,2021/09/22 00:00:00+00,0.00863448760276615,0.594105179170557,25473,CUNDINAMARCA,MOSQUERA,1,0,13,90,104
572,Desplazamiento forzado histórico por municipios en Colombia,1980-2014,Elaboración propia del CNMH. Información geográfica del informe Una nación desplazada,2021/09/22 00:00:00+00,0.00995147364272371,0.551290001906009,25740,CUNDINAMARCA,SIBATÉ,0,0,113,126,239
573,Desplazamiento forzado histórico por municipios en Colombia,1980-2014,Elaboración propia del CNMH. Información geográfica del informe Una nación desplazada,2021/09/22 00:00:00+00,0.0158000196690711,1.02633950504723,25290,CUNDINAMARCA,FUSAGASUGÁ,12,17,832,1127,1988
574,Desplazamiento forzado histórico por municipios en Colombia,1980-2014,Elaboración propia del CNMH. Información geográfica del informe Una nación desplazada,2021/09/22 00:00:00+00,0.0256030070763185,0.944173794064566,25662,CUNDINAMARCA,SAN JUAN DE RIOSECO,0,87,1652,813,2552
575,Desplazamiento forzado histórico por municipios en Colombia,1980-2014,Elaboración propia del CNMH. Información geográfica del informe Una nación desplazada,2021/09/22 00:00:00+00,0.621195057871606,6.45132415225383,27615,CHOCÓ,RIOSUCIO,344,6071,73015,9878,89308
576,Desplazamiento forzado histórico por municipios en Colombia,1980-2014,Elaboración propia del CNMH. Información geográfica del informe Una nación desplazada,2021/09/22 00:00:00+00,0.285832334930712,5.36105447708564,27001,CHOCÓ,QUIBDÓ,71,576,19267,18753,38667
577,Desplazamiento forzado histórico por municipios en Colombia,1980-2014,Elaboración propia del CNMH. Información geográfica del informe Una nación desplazada,2021/09/22 00:00:00+00,0.0652864595007821,1.8139697446673,27006,CHOCÓ,ACANDÍ,156,6098,6760,2347,15361
578,Desplazamiento forzado histórico por municipios en Colombia,1980-2014,Elaboración propia del CNMH. Información geográfica del informe Una nación desplazada,2021/09/22 00:00:00+00,0.166907143112846,3.35114236389621,27025,CHOCÓ,ALTO BAUDÓ,19,158,7563,9228,16968
579,Desplazamiento forzado histórico por municipios en Colombia,1980-2014,Elaboración propia del CNMH. Información geográfica del informe Una nación desplazada,2021/09/22 00:00:00+00,0.0343392642319183,1.3512627214363,27050,CHOCÓ,ATRATO,4,32,1363,1501,2900
580,Desplazamiento forzado histórico por municipios en Colombia,1980-2014,Elaboración propia del CNMH. Información geográfica del informe Una nación desplazada,2021/09/22 00:00:00+00,0.0658038297556526,1.47099277794048,27073,CHOCÓ,BAGADÓ,25,142,5929,7727,13823
581,Desplazamiento forzado histórico por municipios en Colombia,1980-2014,Elaboración propia del CNMH. Información geográfica del informe Una nación desplazada,2021/09/22 00:00:00+00,0.0729263873120068,3.3611458114482,27075,CHOCÓ,BAHÍA SOLANO,6,41,2016,1080,3143
582,Desplazamiento forzado histórico por municipios en Colombia,1980-2014,Elaboración propia del CNMH. Información geográfica del informe Una nación desplazada,2021/09/22 00:00:00+00,0.282865432879003,5.96096458466911,27077,CHOCÓ,BAJO BAUDÓ,20,99,878,10079,11076
583,Desplazamiento forzado histórico por municipios en Colombia,1980-2014,Elaboración propia del CNMH. Información geográfica del informe Una nación desplazada,2021/09/22 00:00:00+00,0.295980579377545,3.93366291303537,27099,CHOCÓ,BOJAYÁ,41,511,24027,6885,31464
584,Desplazamiento forzado histórico por municipios en Colombia,1980-2014,Elaboración propia del CNMH. Información geográfica del informe Una nación desplazada,2021/09/22 00:00:00+00,0.0309754313453451,1.28457270270005,27135,CHOCÓ,EL CANTÓN DEL SAN PABLO,5,66,349,532,952
585,Desplazamiento forzado histórico por municipios en Colombia,1980-2014,Elaboración propia del CNMH. Información geográfica del informe Una nación desplazada,2021/09/22 00:00:00+00,0.259647470497578,3.47519607566354,27150,CHOCÓ,CARMEN DEL DARIÉN,29,347,11672,3133,15181
586,Desplazamiento forzado histórico por municipios en Colombia,1980-2014,Elaboración propia del CNMH. Información geográfica del informe Una nación desplazada,2021/09/22 00:00:00+00,0.0344795441290868,1.5055674416688,27160,CHOCÓ,CÉRTEGUI,20,14,128,132,294
587,Desplazamiento forzado histórico por municipios en Colombia,1980-2014,Elaboración propia del CNMH. Información geográfica del informe Una nación desplazada,2021/09/22 00:00:00+00,0.0380735193792252,1.54423798459134,27205,CHOCÓ,CONDOTO,4,81,2251,2486,4822
588,Desplazamiento forzado histórico por municipios en Colombia,1980-2014,Elaboración propia del CNMH. Información geográfica del informe Una nación desplazada,2021/09/22 00:00:00+00,0.0676917036064024,1.4309061649153,27245,CHOCÓ,EL CARMEN DE ATRATO,46,502,6358,1508,8414
589,Desplazamiento forzado histórico por municipios en Colombia,1980-2014,Elaboración propia del CNMH. Información geográfica del informe Una nación desplazada,2021/09/22 00:00:00+00,0.335967852369658,4.61631039452369,27250,CHOCÓ,EL LITORAL DEL SAN JUAN,0,24,617,7540,8181
590,Desplazamiento forzado histórico por municipios en Colombia,1980-2014,Elaboración propia del CNMH. Información geográfica del informe Una nación desplazada,2021/09/22 00:00:00+00,0.152877760004629,5.13973425706316,27361,CHOCÓ,ISTMINA,22,180,5795,8891,14888
591,Desplazamiento forzado histórico por municipios en Colombia,1980-2014,Elaboración propia del CNMH. Información geográfica del informe Una nación desplazada,2021/09/22 00:00:00+00,0.102090904732682,3.43606241282891,27372,CHOCÓ,JURADÓ,25,635,3720,298,4678
592,Desplazamiento forzado histórico por municipios en Colombia,1980-2014,Elaboración propia del CNMH. Información geográfica del informe Una nación desplazada,2021/09/22 00:00:00+00,0.068685187212121,1.77434966812837,27413,CHOCÓ,LLORÓ,0,61,4865,2122,7048
593,Desplazamiento forzado histórico por municipios en Colombia,1980-2014,Elaboración propia del CNMH. Información geográfica del informe Una nación desplazada,2021/09/22 00:00:00+00,0.147779369444565,2.64983439119398,27425,CHOCÓ,MEDIO ATRATO,9,58,1340,7872,9279
594,Desplazamiento forzado histórico por municipios en Colombia,1980-2014,Elaboración propia del CNMH. Información geográfica del informe Una nación desplazada,2021/09/22 00:00:00+00,0.11160913314183,2.69465287018068,27430,CHOCÓ,MEDIO BAUDÓ,6,33,774,6228,7041
595,Desplazamiento forzado histórico por municipios en Colombia,1980-2014,Elaboración propia del CNMH. Información geográfica del informe Una nación desplazada,2021/09/22 00:00:00+00,0.0539605736137412,2.85546050327147,27450,CHOCÓ,MEDIO SAN JUAN,4,74,1377,3119,4574
596,Desplazamiento forzado histórico por municipios en Colombia,1980-2014,Elaboración propia del CNMH. Información geográfica del informe Una nación desplazada,2021/09/22 00:00:00+00,0.076912646813755,1.69615118536287,27491,CHOCÓ,NÓVITA,5,135,1959,2257,4356
597,Desplazamiento forzado histórico por municipios en Colombia,1980-2014,Elaboración propia del CNMH. Información geográfica del informe Una nación desplazada,2021/09/22 00:00:00+00,0.0572970316860881,2.44064463240806,27495,CHOCÓ,NUQUÍ,0,47,1393,1642,3082
598,Desplazamiento forzado histórico por municipios en Colombia,1980-2014,Elaboración propia del CNMH. Información geográfica del informe Una nación desplazada,2021/09/22 00:00:00+00,0.0264704741020435,1.21111278091833,27580,CHOCÓ,RÍO IRÓ,12,63,1073,784,1932
599,Desplazamiento forzado histórico por municipios en Colombia,1980-2014,Elaboración propia del CNMH. Información geográfica del informe Una nación desplazada,2021/09/22 00:00:00+00,0.0569163258229127,1.49470895588698,27600,CHOCÓ,RÍO QUITO,0,28,2168,1214,3410
600,Desplazamiento forzado histórico por municipios en Colombia,1980-2014,Elaboración propia del CNMH. Información geográfica del informe Una nación desplazada,2021/09/22 00:00:00+00,0.128819502687917,1.70833502908281,27660,CHOCÓ,SAN JOSÉ DEL PALMAR,22,109,2826,4309,7266
601,Desplazamiento forzado histórico por municipios en Colombia,1980-2014,Elaboración propia del CNMH. Información geográfica del informe Una nación desplazada,2021/09/22 00:00:00+00,0.128269840899266,2.21829234878675,27745,CHOCÓ,SIPÍ,2,5,140,3721,3868
602,Desplazamiento forzado histórico por municipios en Colombia,1980-2014,Elaboración propia del CNMH. Información geográfica del informe Una nación desplazada,2021/09/22 00:00:00+00,0.0582226495279277,1.89487652941945,27787,CHOCÓ,TADÓ,35,694,7235,3298,11262
603,Desplazamiento forzado histórico por municipios en Colombia,1980-2014,Elaboración propia del CNMH. Información geográfica del informe Una nación desplazada,2021/09/22 00:00:00+00,0.0973868221161138,1.75695858723759,27800,CHOCÓ,UNGUÍA,251,4107,8569,4663,17590
604,Desplazamiento forzado histórico por municipios en Colombia,1980-2014,Elaboración propia del CNMH. Información geográfica del informe Una nación desplazada,2021/09/22 00:00:00+00,0.0144723250901519,0.988236843093756,27810,CHOCÓ,UNIÓN PANAMERICANA,0,14,64,251,329
605,Desplazamiento forzado histórico por municipios en Colombia,1980-2014,Elaboración propia del CNMH. Información geográfica del informe Una nación desplazada,2021/09/22 00:00:00+00,0.103251929189494,3.0725399598617,41001,HUILA,NEIVA,48,180,3184,9376,12788
606,Desplazamiento forzado histórico por municipios en Colombia,1980-2014,Elaboración propia del CNMH. Información geográfica del informe Una nación desplazada,2021/09/22 00:00:00+00,0.0409302322681215,1.13253951373507,41306,HUILA,GIGANTE,24,117,1492,3512,5145
607,Desplazamiento forzado histórico por municipios en Colombia,1980-2014,Elaboración propia del CNMH. Información geográfica del informe Una nación desplazada,2021/09/22 00:00:00+00,0.0202738667139901,0.748569305604696,41319,HUILA,GUADALUPE,4,28,257,1563,1852
608,Desplazamiento forzado histórico por municipios en Colombia,1980-2014,Elaboración propia del CNMH. Información geográfica del informe Una nación desplazada,2021/09/22 00:00:00+00,0.0157857349854628,0.781608242452152,41349,HUILA,HOBO,2,10,220,752,984
609,Desplazamiento forzado histórico por municipios en Colombia,1980-2014,Elaboración propia del CNMH. Información geográfica del informe Una nación desplazada,2021/09/22 00:00:00+00,0.0289721542661231,1.03318734594025,41357,HUILA,ÍQUIRA,15,56,590,2072,2733
610,Desplazamiento forzado histórico por municipios en Colombia,1980-2014,Elaboración propia del CNMH. Información geográfica del informe Una nación desplazada,2021/09/22 00:00:00+00,0.0300866490281322,1.58235623938191,41359,HUILA,ISNOS,32,133,1472,3291,4928
611,Desplazamiento forzado histórico por municipios en Colombia,1980-2014,Elaboración propia del CNMH. Información geográfica del informe Una nación desplazada,2021/09/22 00:00:00+00,0.0289393530520728,1.42020651415192,41378,HUILA,LA ARGENTINA,19,21,343,1152,1535
612,Desplazamiento forzado histórico por municipios en Colombia,1980-2014,Elaboración propia del CNMH. Información geográfica del informe Una nación desplazada,2021/09/22 00:00:00+00,0.066161073312078,1.64939878064753,41396,HUILA,LA PLATA,90,119,1167,3984,5360
613,Desplazamiento forzado histórico por municipios en Colombia,1980-2014,Elaboración propia del CNMH. Información geográfica del informe Una nación desplazada,2021/09/22 00:00:00+00,0.0107198885357721,0.633438764204873,41483,HUILA,NÁTAGA,20,11,517,795,1343
614,Desplazamiento forzado histórico por municipios en Colombia,1980-2014,Elaboración propia del CNMH. Información geográfica del informe Una nación desplazada,2021/09/22 00:00:00+00,0.0126513733713998,0.638078324918219,41503,HUILA,OPORAPA,0,26,354,934,1314
615,Desplazamiento forzado histórico por municipios en Colombia,1980-2014,Elaboración propia del CNMH. Información geográfica del informe Una nación desplazada,2021/09/22 00:00:00+00,0.0226107484782072,1.19275880011063,41518,HUILA,PAICOL,0,0,21,102,123
616,Desplazamiento forzado histórico por municipios en Colombia,1980-2014,Elaboración propia del CNMH. Información geográfica del informe Una nación desplazada,2021/09/22 00:00:00+00,0.071888209520778,1.81021164568259,41524,HUILA,PALERMO,21,28,292,1262,1603
617,Desplazamiento forzado histórico por municipios en Colombia,1980-2014,Elaboración propia del CNMH. Información geográfica del informe Una nación desplazada,2021/09/22 00:00:00+00,0.0159850346342379,0.702166332853897,41530,HUILA,PALESTINA,27,29,187,583,826
618,Desplazamiento forzado histórico por municipios en Colombia,1980-2014,Elaboración propia del CNMH. Información geográfica del informe Una nación desplazada,2021/09/22 00:00:00+00,0.0157301915336957,0.942967991830984,41548,HUILA,PITAL,5,5,147,483,640
619,Desplazamiento forzado histórico por municipios en Colombia,1980-2014,Elaboración propia del CNMH. Información geográfica del informe Una nación desplazada,2021/09/22 00:00:00+00,0.051195756513395,1.49570866940155,41551,HUILA,PITALITO,31,122,1638,6017,7808
620,Desplazamiento forzado histórico por municipios en Colombia,1980-2014,Elaboración propia del CNMH. Información geográfica del informe Una nación desplazada,2021/09/22 00:00:00+00,0.0204252447975441,0.716597568485671,41615,HUILA,RIVERA,7,31,195,1156,1389
621,Desplazamiento forzado histórico por municipios en Colombia,1980-2014,Elaboración propia del CNMH. Información geográfica del informe Una nación desplazada,2021/09/22 00:00:00+00,0.037881625037039,1.31963938709704,41660,HUILA,SALADOBLANCO,19,33,371,1100,1523
622,Desplazamiento forzado histórico por municipios en Colombia,1980-2014,Elaboración propia del CNMH. Información geográfica del informe Una nación desplazada,2021/09/22 00:00:00+00,0.112832544106606,2.03264306793163,41668,HUILA,SAN AGUSTÍN,63,64,789,3622,4538
623,Desplazamiento forzado histórico por municipios en Colombia,1980-2014,Elaboración propia del CNMH. Información geográfica del informe Una nación desplazada,2021/09/22 00:00:00+00,0.0275860711617124,0.866627366643263,41676,HUILA,SANTA MARÍA,20,18,664,1485,2187
624,Desplazamiento forzado histórico por municipios en Colombia,1980-2014,Elaboración propia del CNMH. Información geográfica del informe Una nación desplazada,2021/09/22 00:00:00+00,0.0348926230023016,0.939421741647732,41770,HUILA,SUAZA,51,22,421,1339,1833
625,Desplazamiento forzado histórico por municipios en Colombia,1980-2014,Elaboración propia del CNMH. Información geográfica del informe Una nación desplazada,2021/09/22 00:00:00+00,0.0294657845835269,0.913107823220446,41791,HUILA,TARQUI,5,36,282,1691,2014
626,Desplazamiento forzado histórico por municipios en Colombia,1980-2014,Elaboración propia del CNMH. Información geográfica del informe Una nación desplazada,2021/09/22 00:00:00+00,0.0298221619365517,1.15652205767947,41797,HUILA,TESALIA,4,4,175,531,714
627,Desplazamiento forzado histórico por municipios en Colombia,1980-2014,Elaboración propia del CNMH. Información geográfica del informe Una nación desplazada,2021/09/22 00:00:00+00,0.0431367139839361,1.47176887837844,41799,HUILA,TELLO,25,83,1185,2970,4263
628,Desplazamiento forzado histórico por municipios en Colombia,1980-2014,Elaboración propia del CNMH. Información geográfica del informe Una nación desplazada,2021/09/22 00:00:00+00,0.0383378477823764,1.67802966035703,41801,HUILA,TERUEL,2,23,144,677,846
629,Desplazamiento forzado histórico por municipios en Colombia,1980-2014,Elaboración propia del CNMH. Información geográfica del informe Una nación desplazada,2021/09/22 00:00:00+00,0.0150814920993109,0.674090370174903,41807,HUILA,TIMANÁ,38,41,328,788,1195
630,Desplazamiento forzado histórico por municipios en Colombia,1980-2014,Elaboración propia del CNMH. Información geográfica del informe Una nación desplazada,2021/09/22 00:00:00+00,0.0442447444890641,1.36535316281224,41872,HUILA,VILLAVIEJA,0,18,277,570,865
631,Desplazamiento forzado histórico por municipios en Colombia,1980-2014,Elaboración propia del CNMH. Información geográfica del informe Una nación desplazada,2021/09/22 00:00:00+00,0.0270573241876247,0.95311024284985,41885,HUILA,YAGUARÁ,0,0,41,95,136
632,Desplazamiento forzado histórico por municipios en Colombia,1980-2014,Elaboración propia del CNMH. Información geográfica del informe Una nación desplazada,2021/09/22 00:00:00+00,0.04927429968115,1.36576192165891,41298,HUILA,GARZÓN,15,151,962,5268,6396
633,Desplazamiento forzado histórico por municipios en Colombia,1980-2014,Elaboración propia del CNMH. Información geográfica del informe Una nación desplazada,2021/09/22 00:00:00+00,0.00653203069681298,0.517464415758462,41244,HUILA,ELÍAS,0,4,21,81,106
634,Desplazamiento forzado histórico por municipios en Colombia,1980-2014,Elaboración propia del CNMH. Información geográfica del informe Una nación desplazada,2021/09/22 00:00:00+00,0.128978174950546,2.34452405705272,41206,HUILA,COLOMBIA,60,108,3444,5017,8629
635,Desplazamiento forzado histórico por municipios en Colombia,1980-2014,Elaboración propia del CNMH. Información geográfica del informe Una nación desplazada,2021/09/22 00:00:00+00,0.0376195939225112,1.05818733725227,41132,HUILA,CAMPOALEGRE,4,29,552,2409,2994
636,Desplazamiento forzado histórico por municipios en Colombia,1980-2014,Elaboración propia del CNMH. Información geográfica del informe Una nación desplazada,2021/09/22 00:00:00+00,0.0639334243920071,1.49790211376324,41078,HUILA,BARAYA,52,93,1848,2986,4979
637,Desplazamiento forzado histórico por municipios en Colombia,1980-2014,Elaboración propia del CNMH. Información geográfica del informe Una nación desplazada,2021/09/22 00:00:00+00,0.0146991558457352,0.694521277688121,41026,HUILA,ALTAMIRA,0,4,38,188,230
638,Desplazamiento forzado histórico por municipios en Colombia,1980-2014,Elaboración propia del CNMH. Información geográfica del informe Una nación desplazada,2021/09/22 00:00:00+00,0.0479295456430517,1.26396791080964,41020,HUILA,ALGECIRAS,55,149,4471,9010,13685
639,Desplazamiento forzado histórico por municipios en Colombia,1980-2014,Elaboración propia del CNMH. Información geográfica del informe Una nación desplazada,2021/09/22 00:00:00+00,0.0647076019176922,2.13939571456977,41016,HUILA,AIPE,11,35,656,1962,2664
640,Desplazamiento forzado histórico por municipios en Colombia,1980-2014,Elaboración propia del CNMH. Información geográfica del informe Una nación desplazada,2021/09/22 00:00:00+00,0.0222369022276694,0.940085233290671,41013,HUILA,AGRADO,1,0,52,216,269
641,Desplazamiento forzado histórico por municipios en Colombia,1980-2014,Elaboración propia del CNMH. Información geográfica del informe Una nación desplazada,2021/09/22 00:00:00+00,0.0423620751402287,1.19966398872516,41006,HUILA,ACEVEDO,74,65,1950,3987,6076
642,Desplazamiento forzado histórico por municipios en Colombia,1980-2014,Elaboración propia del CNMH. Información geográfica del informe Una nación desplazada,2021/09/22 00:00:00+00,0.0662144732626898,1.49535743781447,44078,LA GUAJIRA,BARRANCAS,4,173,1890,2760,4827
643,Desplazamiento forzado histórico por municipios en Colombia,1980-2014,Elaboración propia del CNMH. Información geográfica del informe Una nación desplazada,2021/09/22 00:00:00+00,0.0191687723606399,0.901856258015445,44098,LA GUAJIRA,DISTRACCIÓN,1,45,644,299,989
644,Desplazamiento forzado histórico por municipios en Colombia,1980-2014,Elaboración propia del CNMH. Información geográfica del informe Una nación desplazada,2021/09/22 00:00:00+00,0.0200017375090098,0.710049635003346,44110,LA GUAJIRA,EL MOLINO,21,168,1955,2501,4645
645,Desplazamiento forzado histórico por municipios en Colombia,1980-2014,Elaboración propia del CNMH. Información geográfica del informe Una nación desplazada,2021/09/22 00:00:00+00,0.039129421348191,1.31860274378746,44279,LA GUAJIRA,FONSECA,15,493,3529,3311,7348
646,Desplazamiento forzado histórico por municipios en Colombia,1980-2014,Elaboración propia del CNMH. Información geográfica del informe Una nación desplazada,2021/09/22 00:00:00+00,0.0177516228063739,1.14535242904461,44378,LA GUAJIRA,HATONUEVO,0,51,422,356,829
647,Desplazamiento forzado histórico por municipios en Colombia,1980-2014,Elaboración propia del CNMH. Información geográfica del informe Una nación desplazada,2021/09/22 00:00:00+00,0.0148255648326743,0.980501121360519,44420,LA GUAJIRA,LA JAGUA DEL PILAR,25,108,523,320,976
648,Desplazamiento forzado histórico por municipios en Colombia,1980-2014,Elaboración propia del CNMH. Información geográfica del informe Una nación desplazada,2021/09/22 00:00:00+00,0.0203317284213053,1.05069237693226,44855,LA GUAJIRA,URUMITA,7,182,1332,1022,2543
649,Desplazamiento forzado histórico por municipios en Colombia,1980-2014,Elaboración propia del CNMH. Información geográfica del informe Una nación desplazada,2021/09/22 00:00:00+00,0.0214786578599249,0.883065461092684,44874,LA GUAJIRA,VILLANUEVA,14,284,5665,3730,9693
650,Desplazamiento forzado histórico por municipios en Colombia,1980-2014,Elaboración propia del CNMH. Información geográfica del informe Una nación desplazada,2021/09/22 00:00:00+00,0.255613641094654,3.03051560467315,44001,LA GUAJIRA,RIOHACHA,64,1077,14421,17519,33081
651,Desplazamiento forzado histórico por municipios en Colombia,1980-2014,Elaboración propia del CNMH. Información geográfica del informe Una nación desplazada,2021/09/22 00:00:00+00,0.0451706016094981,1.48541630983082,44035,LA GUAJIRA,ALBANIA,6,53,589,846,1494
652,Desplazamiento forzado histórico por municipios en Colombia,1980-2014,Elaboración propia del CNMH. Información geográfica del informe Una nación desplazada,2021/09/22 00:00:00+00,0.144759524523554,2.01510617385718,44090,LA GUAJIRA,DIBULLA,81,697,5422,19709,25909
653,Desplazamiento forzado histórico por municipios en Colombia,1980-2014,Elaboración propia del CNMH. Información geográfica del informe Una nación desplazada,2021/09/22 00:00:00+00,0.108351604514198,2.51543709210538,44650,LA GUAJIRA,SAN JUAN DEL CESAR,70,357,13932,3427,17786
654,Desplazamiento forzado histórico por municipios en Colombia,1980-2014,Elaboración propia del CNMH. Información geográfica del informe Una nación desplazada,2021/09/22 00:00:00+00,0.653530936555752,6.11430387062503,44847,LA GUAJIRA,URIBIA,3,9,2196,377,2585
655,Desplazamiento forzado histórico por municipios en Colombia,1980-2014,Elaboración propia del CNMH. Información geográfica del informe Una nación desplazada,2021/09/22 00:00:00+00,0.146361725787646,2.7406181053089,44430,LA GUAJIRA,MAICAO,98,361,4854,5218,10531
656,Desplazamiento forzado histórico por municipios en Colombia,1980-2014,Elaboración propia del CNMH. Información geográfica del informe Una nación desplazada,2021/09/22 00:00:00+00,0.134152464554971,2.0687151214279,44560,LA GUAJIRA,MANAURE,7,3,262,346,618
657,Desplazamiento forzado histórico por municipios en Colombia,1980-2014,Elaboración propia del CNMH. Información geográfica del informe Una nación desplazada,2021/09/22 00:00:00+00,0.025226493492338,0.861368759797831,47541,MAGDALENA,PEDRAZA,8,121,1331,1098,2558
658,Desplazamiento forzado histórico por municipios en Colombia,1980-2014,Elaboración propia del CNMH. Información geográfica del informe Una nación desplazada,2021/09/22 00:00:00+00,0.0335369408682325,1.26568004944645,47030,MAGDALENA,ALGARROBO,7,670,3018,2281,5976
659,Desplazamiento forzado histórico por municipios en Colombia,1980-2014,Elaboración propia del CNMH. Información geográfica del informe Una nación desplazada,2021/09/22 00:00:00+00,0.0932784087716935,1.99288095467235,47058,MAGDALENA,ARIGUANÍ,51,462,3235,2579,6327
660,Desplazamiento forzado histórico por municipios en Colombia,1980-2014,Elaboración propia del CNMH. Información geográfica del informe Una nación desplazada,2021/09/22 00:00:00+00,0.0146224078410092,0.700346519876758,47161,MAGDALENA,CERRO DE SAN ANTONIO,8,581,2998,878,4465
661,Desplazamiento forzado histórico por municipios en Colombia,1980-2014,Elaboración propia del CNMH. Información geográfica del informe Una nación desplazada,2021/09/22 00:00:00+00,0.0442544487189851,1.32637332080143,47170,MAGDALENA,CHIVOLO,220,1112,7589,2332,11253
662,Desplazamiento forzado histórico por municipios en Colombia,1980-2014,Elaboración propia del CNMH. Información geográfica del informe Una nación desplazada,2021/09/22 00:00:00+00,0.00903317814487125,0.544326264913073,47205,MAGDALENA,CONCORDIA,17,85,1751,350,2203
663,Desplazamiento forzado histórico por municipios en Colombia,1980-2014,Elaboración propia del CNMH. Información geográfica del informe Una nación desplazada,2021/09/22 00:00:00+00,0.0459855579039865,1.1771096394091,47258,MAGDALENA,EL PIÑÓN,16,199,7268,1249,8732
664,Desplazamiento forzado histórico por municipios en Colombia,1980-2014,Elaboración propia del CNMH. Información geográfica del informe Una nación desplazada,2021/09/22 00:00:00+00,0.0216636011068716,0.964050656870635,47268,MAGDALENA,EL RETÉN,2,117,2448,2453,5020
665,Desplazamiento forzado histórico por municipios en Colombia,1980-2014,Elaboración propia del CNMH. Información geográfica del informe Una nación desplazada,2021/09/22 00:00:00+00,0.0464476578414243,1.18123421158921,47318,MAGDALENA,GUAMAL,18,122,1335,1205,2680
666,Desplazamiento forzado histórico por municipios en Colombia,1980-2014,Elaboración propia del CNMH. Información geográfica del informe Una nación desplazada,2021/09/22 00:00:00+00,0.0693807623477465,1.54540315496564,47460,MAGDALENA,NUEVA GRANADA,49,125,841,868,1883
667,Desplazamiento forzado histórico por municipios en Colombia,1980-2014,Elaboración propia del CNMH. Información geográfica del informe Una nación desplazada,2021/09/22 00:00:00+00,0.0544777710775807,2.34502622807446,47545,MAGDALENA,PIJIÑO DEL CARMEN,24,18,808,394,1244
668,Desplazamiento forzado histórico por municipios en Colombia,1980-2014,Elaboración propia del CNMH. Información geográfica del informe Una nación desplazada,2021/09/22 00:00:00+00,0.135447217965364,2.35615572913696,47551,MAGDALENA,PIVIJAY,72,923,26788,11984,39767
669,Desplazamiento forzado histórico por municipios en Colombia,1980-2014,Elaboración propia del CNMH. Información geográfica del informe Una nación desplazada,2021/09/22 00:00:00+00,0.120081279516876,2.47401127087897,47555,MAGDALENA,PLATO,144,881,12602,7704,21331
670,Desplazamiento forzado histórico por municipios en Colombia,1980-2014,Elaboración propia del CNMH. Información geográfica del informe Una nación desplazada,2021/09/22 00:00:00+00,0.0558461534713727,1.42903464693951,47570,MAGDALENA,PUEBLOVIEJO,3,78,5424,1672,7177
671,Desplazamiento forzado histórico por municipios en Colombia,1980-2014,Elaboración propia del CNMH. Información geográfica del informe Una nación desplazada,2021/09/22 00:00:00+00,0.0491533973005675,1.23406840066347,47605,MAGDALENA,REMOLINO,12,82,12692,1873,14659
672,Desplazamiento forzado histórico por municipios en Colombia,1980-2014,Elaboración propia del CNMH. Información geográfica del informe Una nación desplazada,2021/09/22 00:00:00+00,0.102197578948077,2.48257007053142,47660,MAGDALENA,SABANAS DE SAN ÁNGEL,92,5079,5744,4266,15181
673,Desplazamiento forzado histórico por municipios en Colombia,1980-2014,Elaboración propia del CNMH. Información geográfica del informe Una nación desplazada,2021/09/22 00:00:00+00,0.0140783824367793,0.554730493393496,47675,MAGDALENA,SALAMINA,7,92,5090,587,5776
674,Desplazamiento forzado histórico por municipios en Colombia,1980-2014,Elaboración propia del CNMH. Información geográfica del informe Una nación desplazada,2021/09/22 00:00:00+00,0.0360207537861731,1.36219454393894,47692,MAGDALENA,SAN SEBASTIÁN DE BUENAVISTA,13,157,496,600,1266
675,Desplazamiento forzado histórico por municipios en Colombia,1980-2014,Elaboración propia del CNMH. Información geográfica del informe Una nación desplazada,2021/09/22 00:00:00+00,0.0221286567674859,1.11671799858253,47703,MAGDALENA,SAN ZENÓN,0,24,164,251,439
676,Desplazamiento forzado histórico por municipios en Colombia,1980-2014,Elaboración propia del CNMH. Información geográfica del informe Una nación desplazada,2021/09/22 00:00:00+00,0.0922595711719486,3.19741432438008,47707,MAGDALENA,SANTA ANA,71,98,839,706,1714
677,Desplazamiento forzado histórico por municipios en Colombia,1980-2014,Elaboración propia del CNMH. Información geográfica del informe Una nación desplazada,2021/09/22 00:00:00+00,0.0407327887679462,1.23207830495396,47720,MAGDALENA,SANTA BÁRBARA DE PINTO,0,42,143,290,475
678,Desplazamiento forzado histórico por municipios en Colombia,1980-2014,Elaboración propia del CNMH. Información geográfica del informe Una nación desplazada,2021/09/22 00:00:00+00,0.0802780539565065,1.54210984610042,47745,MAGDALENA,SITIONUEVO,15,150,14074,5071,19310
679,Desplazamiento forzado histórico por municipios en Colombia,1980-2014,Elaboración propia del CNMH. Información geográfica del informe Una nación desplazada,2021/09/22 00:00:00+00,0.0405727985759232,1.09941613447842,47798,MAGDALENA,TENERIFE,76,769,4856,2510,8211
680,Desplazamiento forzado histórico por municipios en Colombia,1980-2014,Elaboración propia del CNMH. Información geográfica del informe Una nación desplazada,2021/09/22 00:00:00+00,0.0307593686512908,1.13576817554018,47960,MAGDALENA,ZAPAYÁN,45,196,1599,465,2305
681,Desplazamiento forzado histórico por municipios en Colombia,1980-2014,Elaboración propia del CNMH. Información geográfica del informe Una nación desplazada,2021/09/22 00:00:00+00,0.0369071330307076,1.31672891382522,47980,MAGDALENA,ZONA BANANERA,121,1591,12788,20927,35427
682,Desplazamiento forzado histórico por municipios en Colombia,1980-2014,Elaboración propia del CNMH. Información geográfica del informe Una nación desplazada,2021/09/22 00:00:00+00,0.143835395139032,2.64338105845747,47053,MAGDALENA,ARACATACA,91,807,11437,9733,22068
683,Desplazamiento forzado histórico por municipios en Colombia,1980-2014,Elaboración propia del CNMH. Información geográfica del informe Una nación desplazada,2021/09/22 00:00:00+00,0.109546943916785,2.7092265404042,47189,MAGDALENA,CIÉNAGA,408,1832,22904,15711,40855
684,Desplazamiento forzado histórico por municipios en Colombia,1980-2014,Elaboración propia del CNMH. Información geográfica del informe Una nación desplazada,2021/09/22 00:00:00+00,0.0802552578376094,2.78852722431713,47288,MAGDALENA,FUNDACIÓN,151,1008,30311,14079,45549
685,Desplazamiento forzado histórico por municipios en Colombia,1980-2014,Elaboración propia del CNMH. Información geográfica del informe Una nación desplazada,2021/09/22 00:00:00+00,0.194233279162712,3.12953530120022,47001,MAGDALENA,SANTA MARTA,304,1233,43508,41527,86572
686,Desplazamiento forzado histórico por municipios en Colombia,1980-2014,Elaboración propia del CNMH. Información geográfica del informe Una nación desplazada,2021/09/22 00:00:00+00,0.0670248913513324,1.67681179481071,47245,MAGDALENA,EL BANCO,44,192,3396,3412,7044
687,Desplazamiento forzado histórico por municipios en Colombia,1980-2014,Elaboración propia del CNMH. Información geográfica del informe Una nación desplazada,2021/09/22 00:00:00+00,0.104714061485047,2.03977501189708,50001,META,VILLAVICENCIO,25,139,3162,5376,8702
688,Desplazamiento forzado histórico por municipios en Colombia,1980-2014,Elaboración propia del CNMH. Información geográfica del informe Una nación desplazada,2021/09/22 00:00:00+00,0.0915074472575655,2.07420720679617,50006,META,ACACÍAS,33,93,1651,1988,3765
689,Desplazamiento forzado histórico por municipios en Colombia,1980-2014,Elaboración propia del CNMH. Información geográfica del informe Una nación desplazada,2021/09/22 00:00:00+00,0.0328947309747597,1.31202711170599,50110,META,BARRANCA DE UPÍA,4,4,163,391,562
690,Desplazamiento forzado histórico por municipios en Colombia,1980-2014,Elaboración propia del CNMH. Información geográfica del informe Una nación desplazada,2021/09/22 00:00:00+00,0.0744032624065706,2.00884835232023,50124,META,CABUYARO,2,10,298,159,469
691,Desplazamiento forzado histórico por municipios en Colombia,1980-2014,Elaboración propia del CNMH. Información geográfica del informe Una nación desplazada,2021/09/22 00:00:00+00,0.0418996159834371,1.349329328662,50150,META,CASTILLA LA NUEVA,62,41,238,254,595
692,Desplazamiento forzado histórico por municipios en Colombia,1980-2014,Elaboración propia del CNMH. Información geográfica del informe Una nación desplazada,2021/09/22 00:00:00+00,0.0942699926021396,2.07509146958969,50223,META,CUBARRAL,36,96,608,555,1295
693,Desplazamiento forzado histórico por municipios en Colombia,1980-2014,Elaboración propia del CNMH. Información geográfica del informe Una nación desplazada,2021/09/22 00:00:00+00,0.0509072593710468,1.87232715450718,50226,META,CUMARAL,21,110,896,551,1578
694,Desplazamiento forzado histórico por municipios en Colombia,1980-2014,Elaboración propia del CNMH. Información geográfica del informe Una nación desplazada,2021/09/22 00:00:00+00,0.0220209040661104,0.827117893759776,50245,META,EL CALVARIO,0,85,349,193,627
695,Desplazamiento forzado histórico por municipios en Colombia,1980-2014,Elaboración propia del CNMH. Información geográfica del informe Una nación desplazada,2021/09/22 00:00:00+00,0.0462515826761071,1.11799915438434,50251,META,EL CASTILLO,234,649,6488,2140,9511
696,Desplazamiento forzado histórico por municipios en Colombia,1980-2014,Elaboración propia del CNMH. Información geográfica del informe Una nación desplazada,2021/09/22 00:00:00+00,0.00955216818916798,0.436405800029388,50270,META,EL DORADO,236,273,1893,295,2697
697,Desplazamiento forzado histórico por municipios en Colombia,1980-2014,Elaboración propia del CNMH. Información geográfica del informe Una nación desplazada,2021/09/22 00:00:00+00,0.0464632765417959,1.44641980772914,50287,META,FUENTE DE ORO,22,78,668,1186,1954
698,Desplazamiento forzado histórico por municipios en Colombia,1980-2014,Elaboración propia del CNMH. Información geográfica del informe Una nación desplazada,2021/09/22 00:00:00+00,0.0283475687820937,1.05662904263583,50313,META,GRANADA,72,277,1984,3268,5601
699,Desplazamiento forzado histórico por municipios en Colombia,1980-2014,Elaboración propia del CNMH. Información geográfica del informe Una nación desplazada,2021/09/22 00:00:00+00,0.0485071278993627,1.44218642106769,50318,META,GUAMAL,6,66,239,442,753
700,Desplazamiento forzado histórico por municipios en Colombia,1980-2014,Elaboración propia del CNMH. Información geográfica del informe Una nación desplazada,2021/09/22 00:00:00+00,0.18555527034349,3.60320118041753,50330,META,MESETAS,67,513,5526,5495,11601
701,Desplazamiento forzado histórico por municipios en Colombia,1980-2014,Elaboración propia del CNMH. Información geográfica del informe Una nación desplazada,2021/09/22 00:00:00+00,0.52560021660444,5.1321917561872,50370,META,URIBE,37,326,3076,4741,8180
702,Desplazamiento forzado histórico por municipios en Colombia,1980-2014,Elaboración propia del CNMH. Información geográfica del informe Una nación desplazada,2021/09/22 00:00:00+00,0.0663743950269088,1.74905451948715,50400,META,LEJANÍAS,83,412,4661,2905,8061
703,Desplazamiento forzado histórico por municipios en Colombia,1980-2014,Elaboración propia del CNMH. Información geográfica del informe Una nación desplazada,2021/09/22 00:00:00+00,0.101033586670815,2.59456784832641,50450,META,PUERTO CONCORDIA,30,240,4502,4630,9402
704,Desplazamiento forzado histórico por municipios en Colombia,1980-2014,Elaboración propia del CNMH. Información geográfica del informe Una nación desplazada,2021/09/22 00:00:00+00,0.562627655633851,6.00605211590384,50573,META,PUERTO LÓPEZ,4,117,1260,2352,3733
705,Desplazamiento forzado histórico por municipios en Colombia,1980-2014,Elaboración propia del CNMH. Información geográfica del informe Una nación desplazada,2021/09/22 00:00:00+00,0.206274363301049,3.63133934504048,50577,META,PUERTO LLERAS,84,234,4403,4634,9355
706,Desplazamiento forzado histórico por municipios en Colombia,1980-2014,Elaboración propia del CNMH. Información geográfica del informe Una nación desplazada,2021/09/22 00:00:00+00,0.278742813903956,3.44797156870227,50590,META,PUERTO RICO,76,281,5024,14611,19992
707,Desplazamiento forzado histórico por municipios en Colombia,1980-2014,Elaboración propia del CNMH. Información geográfica del informe Una nación desplazada,2021/09/22 00:00:00+00,0.0297397704180302,1.96259839574701,50606,META,RESTREPO,12,87,391,450,940
708,Desplazamiento forzado histórico por municipios en Colombia,1980-2014,Elaboración propia del CNMH. Información geográfica del informe Una nación desplazada,2021/09/22 00:00:00+00,0.0657572690438354,1.60331282830275,50680,META,SAN CARLOS DE GUAROA,0,28,277,609,914
709,Desplazamiento forzado histórico por municipios en Colombia,1980-2014,Elaboración propia del CNMH. Información geográfica del informe Una nación desplazada,2021/09/22 00:00:00+00,0.0951292182746479,2.44413660056345,50683,META,SAN JUAN DE ARAMA,59,233,2484,4268,7044
710,Desplazamiento forzado histórico por municipios en Colombia,1980-2014,Elaboración propia del CNMH. Información geográfica del informe Una nación desplazada,2021/09/22 00:00:00+00,0.0199535270913401,0.68330514975133,50686,META,SAN JUANITO,0,30,436,155,621
711,Desplazamiento forzado histórico por municipios en Colombia,1980-2014,Elaboración propia del CNMH. Información geográfica del informe Una nación desplazada,2021/09/22 00:00:00+00,0.482753408724319,6.85518885159528,50689,META,SAN MARTÍN,110,178,837,1555,2680
712,Desplazamiento forzado histórico por municipios en Colombia,1980-2014,Elaboración propia del CNMH. Información geográfica del informe Una nación desplazada,2021/09/22 00:00:00+00,0.391953572994533,5.78651715372025,50711,META,VISTAHERMOSA,313,652,9829,27049,37843
713,Desplazamiento forzado histórico por municipios en Colombia,1980-2014,Elaboración propia del CNMH. Información geográfica del informe Una nación desplazada,2021/09/22 00:00:00+00,0.660052296445699,5.49724169745842,50350,META,LA MACARENA,77,153,3441,6608,10279
714,Desplazamiento forzado histórico por municipios en Colombia,1980-2014,Elaboración propia del CNMH. Información geográfica del informe Una nación desplazada,2021/09/22 00:00:00+00,0.970729634930826,8.63285342785148,50325,META,MAPIRIPÁN,153,521,11644,8856,21174
715,Desplazamiento forzado histórico por municipios en Colombia,1980-2014,Elaboración propia del CNMH. Información geográfica del informe Una nación desplazada,2021/09/22 00:00:00+00,1.40215699594989,7.79535139465,50568,META,PUERTO GAITÁN,45,315,2270,3197,5827
716,Desplazamiento forzado histórico por municipios en Colombia,1980-2014,Elaboración propia del CNMH. Información geográfica del informe Una nación desplazada,2021/09/22 00:00:00+00,0.00822825349092884,0.485120969922084,52683,NARIÑO,SANDONÁ,1,9,127,964,1101
717,Desplazamiento forzado histórico por municipios en Colombia,1980-2014,Elaboración propia del CNMH. Información geográfica del informe Una nación desplazada,2021/09/22 00:00:00+00,0.0052818132050495,0.470250329786201,52685,NARIÑO,SAN BERNARDO,0,1,179,319,499
718,Desplazamiento forzado histórico por municipios en Colombia,1980-2014,Elaboración propia del CNMH. Información geográfica del informe Una nación desplazada,2021/09/22 00:00:00+00,0.020186924534424,0.781084372481811,52687,NARIÑO,SAN LORENZO,6,10,134,1794,1944
719,Desplazamiento forzado histórico por municipios en Colombia,1980-2014,Elaboración propia del CNMH. Información geográfica del informe Una nación desplazada,2021/09/22 00:00:00+00,0.0314398803990938,1.28164825701567,52560,NARIÑO,POTOSÍ,0,9,103,289,401
720,Desplazamiento forzado histórico por municipios en Colombia,1980-2014,Elaboración propia del CNMH. Información geográfica del informe Una nación desplazada,2021/09/22 00:00:00+00,0.00906801223194128,0.502292484657385,52693,NARIÑO,SAN PABLO,19,59,720,1259,2057
721,Desplazamiento forzado histórico por municipios en Colombia,1980-2014,Elaboración propia del CNMH. Información geográfica del informe Una nación desplazada,2021/09/22 00:00:00+00,0.00323668658475626,0.35310512480182,52565,NARIÑO,PROVIDENCIA,0,0,27,477,504
722,Desplazamiento forzado histórico por municipios en Colombia,1980-2014,Elaboración propia del CNMH. Información geográfica del informe Una nación desplazada,2021/09/22 00:00:00+00,0.00450975663424945,0.371762143075067,52694,NARIÑO,SAN PEDRO DE CARTAGO,0,1,48,140,189
723,Desplazamiento forzado histórico por municipios en Colombia,1980-2014,Elaboración propia del CNMH. Información geográfica del informe Una nación desplazada,2021/09/22 00:00:00+00,0.0283570771551885,1.19207044991038,52573,NARIÑO,PUERRES,0,11,101,338,450
724,Desplazamiento forzado histórico por municipios en Colombia,1980-2014,Elaboración propia del CNMH. Información geográfica del informe Una nación desplazada,2021/09/22 00:00:00+00,0.0437439025632183,1.29121447915269,52699,NARIÑO,SANTACRUZ,3,16,147,2809,2975
725,Desplazamiento forzado histórico por municipios en Colombia,1980-2014,Elaboración propia del CNMH. Información geográfica del informe Una nación desplazada,2021/09/22 00:00:00+00,0.0104942026687153,0.591669423759352,52585,NARIÑO,PUPIALES,0,7,9,93,109
726,Desplazamiento forzado histórico por municipios en Colombia,1980-2014,Elaboración propia del CNMH. Información geográfica del informe Una nación desplazada,2021/09/22 00:00:00+00,0.0489725626721847,1.76883867344444,52678,NARIÑO,SAMANIEGO,16,43,716,10571,11346
727,Desplazamiento forzado histórico por municipios en Colombia,1980-2014,Elaboración propia del CNMH. Información geográfica del informe Una nación desplazada,2021/09/22 00:00:00+00,0.00966490758009904,0.465047063278921,52207,NARIÑO,CONSACÁ,0,5,106,333,444
728,Desplazamiento forzado histórico por municipios en Colombia,1980-2014,Elaboración propia del CNMH. Información geográfica del informe Una nación desplazada,2021/09/22 00:00:00+00,0.00349799320342613,0.327929230451108,52210,NARIÑO,CONTADERO,0,0,28,49,77
729,Desplazamiento forzado histórico por municipios en Colombia,1980-2014,Elaboración propia del CNMH. Información geográfica del informe Una nación desplazada,2021/09/22 00:00:00+00,0.0246691960747556,1.17242035670927,52215,NARIÑO,CÓRDOBA,5,21,190,1165,1381
730,Desplazamiento forzado histórico por municipios en Colombia,1980-2014,Elaboración propia del CNMH. Información geográfica del informe Una nación desplazada,2021/09/22 00:00:00+00,0.0890622656153568,1.87484010969513,52001,NARIÑO,PASTO,16,99,7220,3717,11052
731,Desplazamiento forzado histórico por municipios en Colombia,1980-2014,Elaboración propia del CNMH. Información geográfica del informe Una nación desplazada,2021/09/22 00:00:00+00,0.00312912602828987,0.340269277018045,52019,NARIÑO,ALBÁN,0,48,378,650,1076
732,Desplazamiento forzado histórico por municipios en Colombia,1980-2014,Elaboración propia del CNMH. Información geográfica del informe Una nación desplazada,2021/09/22 00:00:00+00,0.00385532675215938,0.452036142852124,52022,NARIÑO,ALDANA,0,2,24,49,75
733,Desplazamiento forzado histórico por municipios en Colombia,1980-2014,Elaboración propia del CNMH. Información geográfica del informe Una nación desplazada,2021/09/22 00:00:00+00,0.00462187418018736,0.422178021754763,52224,NARIÑO,CUASPUD CARLOSAMA,12,169,678,359,1218
734,Desplazamiento forzado histórico por municipios en Colombia,1980-2014,Elaboración propia del CNMH. Información geográfica del informe Una nación desplazada,2021/09/22 00:00:00+00,0.00557885493156737,0.373698458995927,52036,NARIÑO,ANCUYA,0,2,36,218,256
735,Desplazamiento forzado histórico por municipios en Colombia,1980-2014,Elaboración propia del CNMH. Información geográfica del informe Una nación desplazada,2021/09/22 00:00:00+00,0.00487718077792412,0.375406225659452,52051,NARIÑO,ARBOLEDA,6,6,97,227,336
736,Desplazamiento forzado histórico por municipios en Colombia,1980-2014,Elaboración propia del CNMH. Información geográfica del informe Una nación desplazada,2021/09/22 00:00:00+00,0.00339167761143578,0.373283952690157,52083,NARIÑO,BELÉN,0,0,303,490,793
737,Desplazamiento forzado histórico por municipios en Colombia,1980-2014,Elaboración propia del CNMH. Información geográfica del informe Una nación desplazada,2021/09/22 00:00:00+00,0.0515330904571311,1.22923124294776,52110,NARIÑO,BUESACO,12,43,498,1374,1927
738,Desplazamiento forzado histórico por municipios en Colombia,1980-2014,Elaboración propia del CNMH. Información geográfica del informe Una nación desplazada,2021/09/22 00:00:00+00,0.00500510800569299,0.459286556424108,52203,NARIÑO,COLÓN,9,4,151,1166,1330
739,Desplazamiento forzado histórico por municipios en Colombia,1980-2014,Elaboración propia del CNMH. Información geográfica del informe Una nación desplazada,2021/09/22 00:00:00+00,0.00205017525754604,0.264204805031244,52480,NARIÑO,NARIÑO,0,5,51,320,376
740,Desplazamiento forzado histórico por municipios en Colombia,1980-2014,Elaboración propia del CNMH. Información geográfica del informe Una nación desplazada,2021/09/22 00:00:00+00,0.00524926860813183,0.337149594916745,52506,NARIÑO,OSPINA,0,0,17,20,37
741,Desplazamiento forzado histórico por municipios en Colombia,1980-2014,Elaboración propia del CNMH. Información geográfica del informe Una nación desplazada,2021/09/22 00:00:00+00,0.00935143797132473,0.659979246079273,52720,NARIÑO,SAPUYES,0,6,25,37,68
742,Desplazamiento forzado histórico por municipios en Colombia,1980-2014,Elaboración propia del CNMH. Información geográfica del informe Una nación desplazada,2021/09/22 00:00:00+00,0.0190036978940143,0.659915957952737,52786,NARIÑO,TAMINANGO,3,20,283,1512,1818
743,Desplazamiento forzado histórico por municipios en Colombia,1980-2014,Elaboración propia del CNMH. Información geográfica del informe Una nación desplazada,2021/09/22 00:00:00+00,0.0176548322320728,0.78743744460888,52788,NARIÑO,TANGUA,2,15,1363,285,1665
744,Desplazamiento forzado histórico por municipios en Colombia,1980-2014,Elaboración propia del CNMH. Información geográfica del informe Una nación desplazada,2021/09/22 00:00:00+00,0.0118495540183593,0.737328192701701,52240,NARIÑO,CHACHAGÜÍ,0,4,124,262,390
745,Desplazamiento forzado histórico por municipios en Colombia,1980-2014,Elaboración propia del CNMH. Información geográfica del informe Una nación desplazada,2021/09/22 00:00:00+00,0.00980930362720947,0.534378184712958,52254,NARIÑO,EL PEÑOL,0,30,141,887,1058
746,Desplazamiento forzado histórico por municipios en Colombia,1980-2014,Elaboración propia del CNMH. Información geográfica del informe Una nación desplazada,2021/09/22 00:00:00+00,0.0248758114999477,0.832652943545746,52258,NARIÑO,EL TABLÓN DE GÓMEZ,13,81,4164,2376,6634
747,Desplazamiento forzado histórico por municipios en Colombia,1980-2014,Elaboración propia del CNMH. Información geográfica del informe Una nación desplazada,2021/09/22 00:00:00+00,0.017510182741282,0.75618309968147,52838,NARIÑO,TÚQUERRES,0,12,73,624,709
748,Desplazamiento forzado histórico por municipios en Colombia,1980-2014,Elaboración propia del CNMH. Información geográfica del informe Una nación desplazada,2021/09/22 00:00:00+00,0.0109820072974813,0.609226789871692,52411,NARIÑO,LINARES,0,1,93,2157,2251
749,Desplazamiento forzado histórico por municipios en Colombia,1980-2014,Elaboración propia del CNMH. Información geográfica del informe Una nación desplazada,2021/09/22 00:00:00+00,0.00831919707008319,0.45671492133715,52885,NARIÑO,YACUANQUER,10,2,24,73,109
750,Desplazamiento forzado histórico por municipios en Colombia,1980-2014,Elaboración propia del CNMH. Información geográfica del informe Una nación desplazada,2021/09/22 00:00:00+00,0.0460378328459716,1.27462777015407,52435,NARIÑO,MALLAMA,4,7,157,1235,1403
751,Desplazamiento forzado histórico por municipios en Colombia,1980-2014,Elaboración propia del CNMH. Información geográfica del informe Una nación desplazada,2021/09/22 00:00:00+00,0.0193631666214988,0.667056260075677,52378,NARIÑO,LA CRUZ,40,35,700,1511,2286
752,Desplazamiento forzado histórico por municipios en Colombia,1980-2014,Elaboración propia del CNMH. Información geográfica del informe Una nación desplazada,2021/09/22 00:00:00+00,0.0110399277992188,0.80826772361212,52381,NARIÑO,LA FLORIDA,20,56,338,909,1323
753,Desplazamiento forzado histórico por municipios en Colombia,1980-2014,Elaboración propia del CNMH. Información geográfica del informe Una nación desplazada,2021/09/22 00:00:00+00,0.0199499638671525,0.811169497100719,52260,NARIÑO,EL TAMBO,0,26,145,854,1025
754,Desplazamiento forzado histórico por municipios en Colombia,1980-2014,Elaboración propia del CNMH. Información geográfica del informe Una nación desplazada,2021/09/22 00:00:00+00,0.0319709233395541,1.26507915748995,52287,NARIÑO,FUNES,0,23,192,133,348
755,Desplazamiento forzado histórico por municipios en Colombia,1980-2014,Elaboración propia del CNMH. Información geográfica del informe Una nación desplazada,2021/09/22 00:00:00+00,0.0125964158339175,0.718806198890394,52317,NARIÑO,GUACHUCAL,0,0,46,148,194
756,Desplazamiento forzado histórico por municipios en Colombia,1980-2014,Elaboración propia del CNMH. Información geográfica del informe Una nación desplazada,2021/09/22 00:00:00+00,0.0115198434312909,0.783312584078582,52399,NARIÑO,LA UNIÓN,4,50,305,1153,1512
757,Desplazamiento forzado histórico por municipios en Colombia,1980-2014,Elaboración propia del CNMH. Información geográfica del informe Una nación desplazada,2021/09/22 00:00:00+00,0.00945128504341956,0.488588752895898,52320,NARIÑO,GUAITARILLA,0,0,80,279,359
758,Desplazamiento forzado histórico por municipios en Colombia,1980-2014,Elaboración propia del CNMH. Información geográfica del informe Una nación desplazada,2021/09/22 00:00:00+00,0.0251521122744745,1.07014014998664,52405,NARIÑO,LEIVA,12,46,988,6071,7117
759,Desplazamiento forzado histórico por municipios en Colombia,1980-2014,Elaboración propia del CNMH. Información geográfica del informe Una nación desplazada,2021/09/22 00:00:00+00,0.00242528153655297,0.240922725767917,52323,NARIÑO,GUALMATÁN,0,3,3,23,29
760,Desplazamiento forzado histórico por municipios en Colombia,1980-2014,Elaboración propia del CNMH. Información geográfica del informe Una nación desplazada,2021/09/22 00:00:00+00,0.00651965835050504,0.4196683952326,52352,NARIÑO,ILES,0,3,25,51,79
761,Desplazamiento forzado histórico por municipios en Colombia,1980-2014,Elaboración propia del CNMH. Información geográfica del informe Una nación desplazada,2021/09/22 00:00:00+00,0.00661709952902223,0.417286428003802,52354,NARIÑO,IMUÉS,0,12,11,58,81
762,Desplazamiento forzado histórico por municipios en Colombia,1980-2014,Elaboración propia del CNMH. Información geográfica del informe Una nación desplazada,2021/09/22 00:00:00+00,0.127271713487341,2.8498639332242,52356,NARIÑO,IPIALES,3,68,727,4282,5080
763,Desplazamiento forzado histórico por municipios en Colombia,1980-2014,Elaboración propia del CNMH. Información geográfica del informe Una nación desplazada,2021/09/22 00:00:00+00,0.0740285509478505,1.39711609993011,52227,NARIÑO,CUMBAL,2,12,189,883,1086
764,Desplazamiento forzado histórico por municipios en Colombia,1980-2014,Elaboración propia del CNMH. Información geográfica del informe Una nación desplazada,2021/09/22 00:00:00+00,0.0287576697957697,1.21405676258762,52233,NARIÑO,CUMBITARA,7,4,611,8947,9569
765,Desplazamiento forzado histórico por municipios en Colombia,1980-2014,Elaboración propia del CNMH. Información geográfica del informe Una nación desplazada,2021/09/22 00:00:00+00,0.0421440639491871,1.44847794076591,52256,NARIÑO,EL ROSARIO,23,62,1163,6693,7941
766,Desplazamiento forzado histórico por municipios en Colombia,1980-2014,Elaboración propia del CNMH. Información geográfica del informe Una nación desplazada,2021/09/22 00:00:00+00,0.0198297008159302,1.37351352893586,52385,NARIÑO,LA LLANADA,0,0,124,1944,2068
767,Desplazamiento forzado histórico por municipios en Colombia,1980-2014,Elaboración propia del CNMH. Información geográfica del informe Una nación desplazada,2021/09/22 00:00:00+00,0.0774549903803369,2.09949410294665,52418,NARIÑO,LOS ANDES,7,13,382,5131,5533
768,Desplazamiento forzado histórico por municipios en Colombia,1980-2014,Elaboración propia del CNMH. Información geográfica del informe Una nación desplazada,2021/09/22 00:00:00+00,0.0351676605729556,1.21771605349396,52540,NARIÑO,POLICARPA,16,83,2003,17444,19546
769,Desplazamiento forzado histórico por municipios en Colombia,1980-2014,Elaboración propia del CNMH. Información geográfica del informe Una nación desplazada,2021/09/22 00:00:00+00,0.0853731187479185,2.14293113507333,52612,NARIÑO,RICAURTE,3,48,1180,6107,7338
770,Desplazamiento forzado histórico por municipios en Colombia,1980-2014,Elaboración propia del CNMH. Información geográfica del informe Una nación desplazada,2021/09/22 00:00:00+00,0.220963473464132,3.69914865869467,52079,NARIÑO,BARBACOAS,15,40,4201,20801,25057
771,Desplazamiento forzado histórico por municipios en Colombia,1980-2014,Elaboración propia del CNMH. Información geográfica del informe Una nación desplazada,2021/09/22 00:00:00+00,0.201626766705127,4.3059449437313,52250,NARIÑO,EL CHARCO,0,23,5218,30405,35646
772,Desplazamiento forzado histórico por municipios en Colombia,1980-2014,Elaboración propia del CNMH. Información geográfica del informe Una nación desplazada,2021/09/22 00:00:00+00,0.0336417975190401,1.70172363690271,52390,NARIÑO,LA TOLA,1,1,322,3308,3632
773,Desplazamiento forzado histórico por municipios en Colombia,1980-2014,Elaboración propia del CNMH. Información geográfica del informe Una nación desplazada,2021/09/22 00:00:00+00,0.146262414667754,2.47716758002581,52427,NARIÑO,MAGÜÍ,4,2,1188,5901,7095
774,Desplazamiento forzado histórico por municipios en Colombia,1980-2014,Elaboración propia del CNMH. Información geográfica del informe Una nación desplazada,2021/09/22 00:00:00+00,0.0620895393294597,1.52834089232271,52473,NARIÑO,MOSQUERA,3,0,118,2478,2599
775,Desplazamiento forzado histórico por municipios en Colombia,1980-2014,Elaboración propia del CNMH. Información geográfica del informe Una nación desplazada,2021/09/22 00:00:00+00,0.0811144437087203,1.83234459350766,52490,NARIÑO,OLAYA HERRERA,12,15,1900,12685,14612
776,Desplazamiento forzado histórico por municipios en Colombia,1980-2014,Elaboración propia del CNMH. Información geográfica del informe Una nación desplazada,2021/09/22 00:00:00+00,0.0424280996183097,1.58964270728628,52520,NARIÑO,FRANCISCO PIZARRO,0,5,64,3963,4032
777,Desplazamiento forzado histórico por municipios en Colombia,1980-2014,Elaboración propia del CNMH. Información geográfica del informe Una nación desplazada,2021/09/22 00:00:00+00,0.117818787941972,2.35374450976131,52621,NARIÑO,ROBERTO PAYÁN,0,11,781,10579,11371
778,Desplazamiento forzado histórico por municipios en Colombia,1980-2014,Elaboración propia del CNMH. Información geográfica del informe Una nación desplazada,2021/09/22 00:00:00+00,0.0991250655333545,2.35283283350348,52696,NARIÑO,SANTA BÁRBARA,5,9,3025,5867,8906
779,Desplazamiento forzado histórico por municipios en Colombia,1980-2014,Elaboración propia del CNMH. Información geográfica del informe Una nación desplazada,2021/09/22 00:00:00+00,0.29166942238749,6.43208847956254,52835,NARIÑO,SAN ANDRÉS DE TUMACO,33,125,9410,103688,113256
780,Desplazamiento forzado histórico por municipios en Colombia,1980-2014,Elaboración propia del CNMH. Información geográfica del informe Una nación desplazada,2021/09/22 00:00:00+00,0.0929545358246242,2.87829693774001,54001,NORTE DE SANTANDER,SAN JOSÉ DE CÚCUTA,55,628,9282,11248,21213
781,Desplazamiento forzado histórico por municipios en Colombia,1980-2014,Elaboración propia del CNMH. Información geográfica del informe Una nación desplazada,2021/09/22 00:00:00+00,0.113362396146043,2.23937592875619,54003,NORTE DE SANTANDER,ÁBREGO,105,365,2528,3141,6139
782,Desplazamiento forzado histórico por municipios en Colombia,1980-2014,Elaboración propia del CNMH. Información geográfica del informe Una nación desplazada,2021/09/22 00:00:00+00,0.0373620419417374,1.16119362395796,54051,NORTE DE SANTANDER,ARBOLEDAS,37,156,915,488,1596
783,Desplazamiento forzado histórico por municipios en Colombia,1980-2014,Elaboración propia del CNMH. Información geográfica del informe Una nación desplazada,2021/09/22 00:00:00+00,0.0139457109908997,0.757247869160513,54099,NORTE DE SANTANDER,BOCHALEMA,3,4,133,93,233
784,Desplazamiento forzado histórico por municipios en Colombia,1980-2014,Elaboración propia del CNMH. Información geográfica del informe Una nación desplazada,2021/09/22 00:00:00+00,0.0222051793608238,0.828136367140804,54109,NORTE DE SANTANDER,BUCARASICA,7,109,332,1062,1510
785,Desplazamiento forzado histórico por municipios en Colombia,1980-2014,Elaboración propia del CNMH. Información geográfica del informe Una nación desplazada,2021/09/22 00:00:00+00,0.0113682296279913,0.556125321968027,54125,NORTE DE SANTANDER,CÁCOTA,0,0,18,51,69
786,Desplazamiento forzado histórico por municipios en Colombia,1980-2014,Elaboración propia del CNMH. Información geográfica del informe Una nación desplazada,2021/09/22 00:00:00+00,0.0504572404305045,1.65602888631285,54128,NORTE DE SANTANDER,CÁCHIRA,39,306,1277,754,2376
787,Desplazamiento forzado histórico por municipios en Colombia,1980-2014,Elaboración propia del CNMH. Información geográfica del informe Una nación desplazada,2021/09/22 00:00:00+00,0.0136134756387001,0.757202783642375,54172,NORTE DE SANTANDER,CHINÁCOTA,0,3,105,208,316
788,Desplazamiento forzado histórico por municipios en Colombia,1980-2014,Elaboración propia del CNMH. Información geográfica del informe Una nación desplazada,2021/09/22 00:00:00+00,0.0306988546657904,0.885847622019975,54223,NORTE DE SANTANDER,CUCUTILLA,0,48,231,272,551
789,Desplazamiento forzado histórico por municipios en Colombia,1980-2014,Elaboración propia del CNMH. Información geográfica del informe Una nación desplazada,2021/09/22 00:00:00+00,0.0143359982581183,0.602807854460589,54239,NORTE DE SANTANDER,DURANIA,0,28,93,99,220
790,Desplazamiento forzado histórico por municipios en Colombia,1980-2014,Elaboración propia del CNMH. Información geográfica del informe Una nación desplazada,2021/09/22 00:00:00+00,0.0414261041687654,1.43697353116021,54261,NORTE DE SANTANDER,EL ZULIA,11,247,1289,1252,2799
791,Desplazamiento forzado histórico por municipios en Colombia,1980-2014,Elaboración propia del CNMH. Información geográfica del informe Una nación desplazada,2021/09/22 00:00:00+00,0.0122140001639046,0.673837456690778,54313,NORTE DE SANTANDER,GRAMALOTE,0,4,234,155,393
792,Desplazamiento forzado histórico por municipios en Colombia,1980-2014,Elaboración propia del CNMH. Información geográfica del informe Una nación desplazada,2021/09/22 00:00:00+00,0.0343860277003666,1.00121744531753,54344,NORTE DE SANTANDER,HACARÍ,61,172,2349,4396,6978
793,Desplazamiento forzado histórico por municipios en Colombia,1980-2014,Elaboración propia del CNMH. Información geográfica del informe Una nación desplazada,2021/09/22 00:00:00+00,0.00875559618962506,0.599446330940644,54347,NORTE DE SANTANDER,HERRÁN,0,0,93,171,264
794,Desplazamiento forzado histórico por municipios en Colombia,1980-2014,Elaboración propia del CNMH. Información geográfica del informe Una nación desplazada,2021/09/22 00:00:00+00,0.0209494975058046,0.842447039795587,54377,NORTE DE SANTANDER,LABATECA,0,54,95,134,283
795,Desplazamiento forzado histórico por municipios en Colombia,1980-2014,Elaboración propia del CNMH. Información geográfica del informe Una nación desplazada,2021/09/22 00:00:00+00,0.0548960227968775,1.82874631109146,54385,NORTE DE SANTANDER,LA ESPERANZA,76,506,982,1452,3016
796,Desplazamiento forzado histórico por municipios en Colombia,1980-2014,Elaboración propia del CNMH. Información geográfica del informe Una nación desplazada,2021/09/22 00:00:00+00,0.0198736132610389,1.14657441317492,54398,NORTE DE SANTANDER,LA PLAYA,75,183,1013,1728,2999
797,Desplazamiento forzado histórico por municipios en Colombia,1980-2014,Elaboración propia del CNMH. Información geográfica del informe Una nación desplazada,2021/09/22 00:00:00+00,0.0103512607711638,0.669014819117421,54405,NORTE DE SANTANDER,LOS PATIOS,0,19,226,642,887
798,Desplazamiento forzado histórico por municipios en Colombia,1980-2014,Elaboración propia del CNMH. Información geográfica del informe Una nación desplazada,2021/09/22 00:00:00+00,0.00709787255115122,0.46750128012795,54418,NORTE DE SANTANDER,LOURDES,0,11,370,222,603
799,Desplazamiento forzado histórico por municipios en Colombia,1980-2014,Elaboración propia del CNMH. Información geográfica del informe Una nación desplazada,2021/09/22 00:00:00+00,0.012998213988515,0.548742302727488,54480,NORTE DE SANTANDER,MUTISCUA,4,0,18,24,46
800,Desplazamiento forzado histórico por municipios en Colombia,1980-2014,Elaboración propia del CNMH. Información geográfica del informe Una nación desplazada,2021/09/22 00:00:00+00,0.0428798949269157,1.7862327697807,54498,NORTE DE SANTANDER,OCAÑA,128,561,4716,4910,10315
801,Desplazamiento forzado histórico por municipios en Colombia,1980-2014,Elaboración propia del CNMH. Información geográfica del informe Una nación desplazada,2021/09/22 00:00:00+00,0.024416158560753,1.0519858575211,54518,NORTE DE SANTANDER,PAMPLONA,4,43,239,207,493
802,Desplazamiento forzado histórico por municipios en Colombia,1980-2014,Elaboración propia del CNMH. Información geográfica del informe Una nación desplazada,2021/09/22 00:00:00+00,0.0139938946416156,0.698910830117757,54520,NORTE DE SANTANDER,PAMPLONITA,0,7,21,36,64
803,Desplazamiento forzado histórico por municipios en Colombia,1980-2014,Elaboración propia del CNMH. Información geográfica del informe Una nación desplazada,2021/09/22 00:00:00+00,0.00368621836772118,0.500719215258344,54553,NORTE DE SANTANDER,PUERTO SANTANDER,6,39,401,737,1183
804,Desplazamiento forzado histórico por municipios en Colombia,1980-2014,Elaboración propia del CNMH. Información geográfica del informe Una nación desplazada,2021/09/22 00:00:00+00,0.00800178454851424,0.455016349508463,54599,NORTE DE SANTANDER,RAGONVALIA,0,2,93,75,170
805,Desplazamiento forzado histórico por municipios en Colombia,1980-2014,Elaboración propia del CNMH. Información geográfica del informe Una nación desplazada,2021/09/22 00:00:00+00,0.0404699793988143,1.14143435307632,54660,NORTE DE SANTANDER,SALAZAR,2,59,631,453,1145
806,Desplazamiento forzado histórico por municipios en Colombia,1980-2014,Elaboración propia del CNMH. Información geográfica del informe Una nación desplazada,2021/09/22 00:00:00+00,0.0326730549408122,1.42446858197505,54670,NORTE DE SANTANDER,SAN CALIXTO,74,275,3701,7620,11670
807,Desplazamiento forzado histórico por municipios en Colombia,1980-2014,Elaboración propia del CNMH. Información geográfica del informe Una nación desplazada,2021/09/22 00:00:00+00,0.0113869938278424,0.693825943805259,54673,NORTE DE SANTANDER,SAN CAYETANO,0,12,43,76,131
808,Desplazamiento forzado histórico por municipios en Colombia,1980-2014,Elaboración propia del CNMH. Información geográfica del informe Una nación desplazada,2021/09/22 00:00:00+00,0.0141396624794945,0.667870697153449,54680,NORTE DE SANTANDER,SANTIAGO,0,34,74,47,155
809,Desplazamiento forzado histórico por municipios en Colombia,1980-2014,Elaboración propia del CNMH. Información geográfica del informe Una nación desplazada,2021/09/22 00:00:00+00,0.120397110166847,2.6194268277282,54720,NORTE DE SANTANDER,SARDINATA,32,305,6481,5775,12593
810,Desplazamiento forzado histórico por municipios en Colombia,1980-2014,Elaboración propia del CNMH. Información geográfica del informe Una nación desplazada,2021/09/22 00:00:00+00,0.0259266418262325,0.900375289321186,54743,NORTE DE SANTANDER,SILOS,10,34,110,23,177
811,Desplazamiento forzado histórico por municipios en Colombia,1980-2014,Elaboración propia del CNMH. Información geográfica del informe Una nación desplazada,2021/09/22 00:00:00+00,0.0328772889768118,1.23307946264947,54871,NORTE DE SANTANDER,VILLA CARO,0,2,112,125,239
812,Desplazamiento forzado histórico por municipios en Colombia,1980-2014,Elaboración propia del CNMH. Información geográfica del informe Una nación desplazada,2021/09/22 00:00:00+00,0.00751670892160319,0.725701731968422,54874,NORTE DE SANTANDER,VILLA DEL ROSARIO,0,7,504,1451,1962
813,Desplazamiento forzado histórico por municipios en Colombia,1980-2014,Elaboración propia del CNMH. Información geográfica del informe Una nación desplazada,2021/09/22 00:00:00+00,0.0969283308712097,1.92830471578571,54174,NORTE DE SANTANDER,CHITAGÁ,13,54,247,281,595
814,Desplazamiento forzado histórico por municipios en Colombia,1980-2014,Elaboración propia del CNMH. Información geográfica del informe Una nación desplazada,2021/09/22 00:00:00+00,0.0765854571439963,2.91285665693306,54206,NORTE DE SANTANDER,CONVENCIÓN,91,190,12121,3861,16263
815,Desplazamiento forzado histórico por municipios en Colombia,1980-2014,Elaboración propia del CNMH. Información geográfica del informe Una nación desplazada,2021/09/22 00:00:00+00,0.14199418702532,3.21475640469588,54245,NORTE DE SANTANDER,EL CARMEN,66,367,3892,3606,7931
816,Desplazamiento forzado histórico por municipios en Colombia,1980-2014,Elaboración propia del CNMH. Información geográfica del informe Una nación desplazada,2021/09/22 00:00:00+00,0.0761608611337917,2.59452554440763,54800,NORTE DE SANTANDER,TEORAMA,92,359,8470,5053,13974
817,Desplazamiento forzado histórico por municipios en Colombia,1980-2014,Elaboración propia del CNMH. Información geográfica del informe Una nación desplazada,2021/09/22 00:00:00+00,0.220098910905881,4.08629755496727,54810,NORTE DE SANTANDER,TIBÚ,194,1378,40270,13649,55491
818,Desplazamiento forzado histórico por municipios en Colombia,1980-2014,Elaboración propia del CNMH. Información geográfica del informe Una nación desplazada,2021/09/22 00:00:00+00,0.121112800841514,2.08192281074106,54820,NORTE DE SANTANDER,TOLEDO,49,97,410,628,1184
819,Desplazamiento forzado histórico por municipios en Colombia,1980-2014,Elaboración propia del CNMH. Información geográfica del informe Una nación desplazada,2021/09/22 00:00:00+00,0.0578276297965825,1.42122232009258,54250,NORTE DE SANTANDER,EL TARRA,13,156,11663,5460,17292
820,Desplazamiento forzado histórico por municipios en Colombia,1980-2014,Elaboración propia del CNMH. Información geográfica del informe Una nación desplazada,2021/09/22 00:00:00+00,0.00990314191003431,0.907420156730801,63001,QUINDIO,ARMENIA,1,75,487,1535,2098
821,Desplazamiento forzado histórico por municipios en Colombia,1980-2014,Elaboración propia del CNMH. Información geográfica del informe Una nación desplazada,2021/09/22 00:00:00+00,0.00313057032923551,0.253409586938428,63111,QUINDIO,BUENAVISTA,0,10,20,43,73
822,Desplazamiento forzado histórico por municipios en Colombia,1980-2014,Elaboración propia del CNMH. Información geográfica del informe Una nación desplazada,2021/09/22 00:00:00+00,0.0179797645354195,0.928199409986483,63130,QUINDIO,CALARCÁ,7,148,812,1735,2702
823,Desplazamiento forzado histórico por municipios en Colombia,1980-2014,Elaboración propia del CNMH. Información geográfica del informe Una nación desplazada,2021/09/22 00:00:00+00,0.00735486897348604,0.621909879858497,63190,QUINDIO,CIRCASIA,0,1,71,343,415
824,Desplazamiento forzado histórico por municipios en Colombia,1980-2014,Elaboración propia del CNMH. Información geográfica del informe Una nación desplazada,2021/09/22 00:00:00+00,0.00757016549203284,0.451709146514265,63212,QUINDIO,CÓRDOBA,0,25,357,633,1015
825,Desplazamiento forzado histórico por municipios en Colombia,1980-2014,Elaboración propia del CNMH. Información geográfica del informe Una nación desplazada,2021/09/22 00:00:00+00,0.00868338958179484,0.654511015500496,63272,QUINDIO,FILANDIA,0,2,75,88,165
826,Desplazamiento forzado histórico por municipios en Colombia,1980-2014,Elaboración propia del CNMH. Información geográfica del informe Una nación desplazada,2021/09/22 00:00:00+00,0.0240024485516355,0.800514077719367,63302,QUINDIO,GÉNOVA,64,124,1204,1562,2954
827,Desplazamiento forzado histórico por municipios en Colombia,1980-2014,Elaboración propia del CNMH. Información geográfica del informe Una nación desplazada,2021/09/22 00:00:00+00,0.00727512034768012,0.619261746791537,63401,QUINDIO,LA TEBAIDA,1,6,68,337,412
828,Desplazamiento forzado histórico por municipios en Colombia,1980-2014,Elaboración propia del CNMH. Información geográfica del informe Una nación desplazada,2021/09/22 00:00:00+00,0.0121332639930252,0.78007564555143,63470,QUINDIO,MONTENEGRO,0,11,107,504,622
829,Desplazamiento forzado histórico por municipios en Colombia,1980-2014,Elaboración propia del CNMH. Información geográfica del informe Una nación desplazada,2021/09/22 00:00:00+00,0.0202347291379948,0.750758347838197,63548,QUINDIO,PIJAO,25,34,679,996,1734
830,Desplazamiento forzado histórico por municipios en Colombia,1980-2014,Elaboración propia del CNMH. Información geográfica del informe Una nación desplazada,2021/09/22 00:00:00+00,0.0108718348667332,0.674145532744501,63594,QUINDIO,QUIMBAYA,0,24,65,427,516
831,Desplazamiento forzado histórico por municipios en Colombia,1980-2014,Elaboración propia del CNMH. Información geográfica del informe Una nación desplazada,2021/09/22 00:00:00+00,0.0282844317163173,0.95358694083169,63690,QUINDIO,SALENTO,1,30,227,297,555
832,Desplazamiento forzado histórico por municipios en Colombia,1980-2014,Elaboración propia del CNMH. Información geográfica del informe Una nación desplazada,2021/09/22 00:00:00+00,0.0495227012950333,2.02576283953603,66001,RISARALDA,PEREIRA,3,127,988,2880,3998
833,Desplazamiento forzado histórico por municipios en Colombia,1980-2014,Elaboración propia del CNMH. Información geográfica del informe Una nación desplazada,2021/09/22 00:00:00+00,0.0122193319041783,0.739072993798775,66045,RISARALDA,APÍA,19,151,440,660,1270
834,Desplazamiento forzado histórico por municipios en Colombia,1980-2014,Elaboración propia del CNMH. Información geográfica del informe Una nación desplazada,2021/09/22 00:00:00+00,0.00973174966028644,0.519541135462523,66075,RISARALDA,BALBOA,1,31,179,231,442
835,Desplazamiento forzado histórico por municipios en Colombia,1980-2014,Elaboración propia del CNMH. Información geográfica del informe Una nación desplazada,2021/09/22 00:00:00+00,0.0147168053876228,0.579565933598907,66088,RISARALDA,BELÉN DE UMBRÍA,43,165,981,1200,2389
836,Desplazamiento forzado histórico por municipios en Colombia,1980-2014,Elaboración propia del CNMH. Información geográfica del informe Una nación desplazada,2021/09/22 00:00:00+00,0.00571277806447309,0.3660303532571,66170,RISARALDA,DOSQUEBRADAS,9,15,213,1020,1257
837,Desplazamiento forzado histórico por municipios en Colombia,1980-2014,Elaboración propia del CNMH. Información geográfica del informe Una nación desplazada,2021/09/22 00:00:00+00,0.00821779538449842,0.491848284813459,66318,RISARALDA,GUÁTICA,28,247,1072,961,2308
838,Desplazamiento forzado histórico por municipios en Colombia,1980-2014,Elaboración propia del CNMH. Información geográfica del informe Una nación desplazada,2021/09/22 00:00:00+00,0.00753188825634437,0.528457771722475,66383,RISARALDA,LA CELIA,9,7,388,456,860
839,Desplazamiento forzado histórico por municipios en Colombia,1980-2014,Elaboración propia del CNMH. Información geográfica del informe Una nación desplazada,2021/09/22 00:00:00+00,0.00268320067050344,0.261820461561357,66400,RISARALDA,LA VIRGINIA,15,89,669,637,1410
840,Desplazamiento forzado histórico por municipios en Colombia,1980-2014,Elaboración propia del CNMH. Información geográfica del informe Una nación desplazada,2021/09/22 00:00:00+00,0.0121644902130504,0.612524010488394,66440,RISARALDA,MARSELLA,4,48,84,295,431
841,Desplazamiento forzado histórico por municipios en Colombia,1980-2014,Elaboración propia del CNMH. Información geográfica del informe Una nación desplazada,2021/09/22 00:00:00+00,0.0460306641019821,1.11878486817166,66456,RISARALDA,MISTRATÓ,44,302,1913,2369,4628
842,Desplazamiento forzado histórico por municipios en Colombia,1980-2014,Elaboración propia del CNMH. Información geográfica del informe Una nación desplazada,2021/09/22 00:00:00+00,0.0500096817702833,1.10986091730491,66572,RISARALDA,PUEBLO RICO,71,317,6037,4339,10764
843,Desplazamiento forzado histórico por municipios en Colombia,1980-2014,Elaboración propia del CNMH. Información geográfica del informe Una nación desplazada,2021/09/22 00:00:00+00,0.0114240498041107,0.49954148538411,66594,RISARALDA,QUINCHÍA,149,713,5223,3668,9753
844,Desplazamiento forzado histórico por municipios en Colombia,1980-2014,Elaboración propia del CNMH. Información geográfica del informe Una nación desplazada,2021/09/22 00:00:00+00,0.0442777416512082,1.25777044505536,66682,RISARALDA,SANTA ROSA DE CABAL,2,35,227,585,849
845,Desplazamiento forzado histórico por municipios en Colombia,1980-2014,Elaboración propia del CNMH. Información geográfica del informe Una nación desplazada,2021/09/22 00:00:00+00,0.015545767516531,0.886225356787071,66687,RISARALDA,SANTUARIO,31,103,1913,1153,3200
846,Desplazamiento forzado histórico por municipios en Colombia,1980-2014,Elaboración propia del CNMH. Información geográfica del informe Una nación desplazada,2021/09/22 00:00:00+00,0.00614609334074253,0.475809748685522,68013,SANTANDER,AGUADA,0,8,86,39,133
847,Desplazamiento forzado histórico por municipios en Colombia,1980-2014,Elaboración propia del CNMH. Información geográfica del informe Una nación desplazada,2021/09/22 00:00:00+00,0.0135704660957976,0.876129926221098,68020,SANTANDER,ALBANIA,27,29,149,136,341
848,Desplazamiento forzado histórico por municipios en Colombia,1980-2014,Elaboración propia del CNMH. Información geográfica del informe Una nación desplazada,2021/09/22 00:00:00+00,0.0138820314120651,0.674692213911018,68051,SANTANDER,ARATOCA,0,20,33,43,96
849,Desplazamiento forzado histórico por municipios en Colombia,1980-2014,Elaboración propia del CNMH. Información geográfica del informe Una nación desplazada,2021/09/22 00:00:00+00,0.0038108824457881,0.27034153421893,68077,SANTANDER,BARBOSA,15,44,157,306,522
850,Desplazamiento forzado histórico por municipios en Colombia,1980-2014,Elaboración propia del CNMH. Información geográfica del informe Una nación desplazada,2021/09/22 00:00:00+00,0.0112233446863062,0.561088833171861,68079,SANTANDER,BARICHARA,0,0,29,42,71
851,Desplazamiento forzado histórico por municipios en Colombia,1980-2014,Elaboración propia del CNMH. Información geográfica del informe Una nación desplazada,2021/09/22 00:00:00+00,0.108590745093072,2.73519010097448,68081,SANTANDER,BARRANCABERMEJA,489,1672,20796,11636,34593
852,Desplazamiento forzado histórico por municipios en Colombia,1980-2014,Elaboración propia del CNMH. Información geográfica del informe Una nación desplazada,2021/09/22 00:00:00+00,0.0352869632322554,1.27181795244201,68092,SANTANDER,BETULIA,76,267,598,317,1258
853,Desplazamiento forzado histórico por municipios en Colombia,1980-2014,Elaboración propia del CNMH. Información geográfica del informe Una nación desplazada,2021/09/22 00:00:00+00,0.00536040420781669,0.351570647107456,68121,SANTANDER,CABRERA,0,1,9,9,19
854,Desplazamiento forzado histórico por municipios en Colombia,1980-2014,Elaboración propia del CNMH. Información geográfica del informe Una nación desplazada,2021/09/22 00:00:00+00,0.00368497603135189,0.425945998864107,68132,SANTANDER,CALIFORNIA,0,7,108,1,116
855,Desplazamiento forzado histórico por municipios en Colombia,1980-2014,Elaboración propia del CNMH. Información geográfica del informe Una nación desplazada,2021/09/22 00:00:00+00,0.00696830177434846,0.477190385285292,68147,SANTANDER,CAPITANEJO,1,37,603,222,863
856,Desplazamiento forzado histórico por municipios en Colombia,1980-2014,Elaboración propia del CNMH. Información geográfica del informe Una nación desplazada,2021/09/22 00:00:00+00,0.0211615473245782,0.710158722465369,68152,SANTANDER,CARCASÍ,1,54,211,73,339
857,Desplazamiento forzado histórico por municipios en Colombia,1980-2014,Elaboración propia del CNMH. Información geográfica del informe Una nación desplazada,2021/09/22 00:00:00+00,0.00882745681125684,0.494627446434225,68160,SANTANDER,CEPITÁ,0,12,141,69,222
858,Desplazamiento forzado histórico por municipios en Colombia,1980-2014,Elaboración propia del CNMH. Información geográfica del informe Una nación desplazada,2021/09/22 00:00:00+00,0.034430856308237,0.971671715697031,68162,SANTANDER,CERRITO,25,80,495,97,697
859,Desplazamiento forzado histórico por municipios en Colombia,1980-2014,Elaboración propia del CNMH. Información geográfica del informe Una nación desplazada,2021/09/22 00:00:00+00,0.0342435963746215,1.68340954769205,68167,SANTANDER,CHARALÁ,1,12,212,157,382
860,Desplazamiento forzado histórico por municipios en Colombia,1980-2014,Elaboración propia del CNMH. Información geográfica del informe Una nación desplazada,2021/09/22 00:00:00+00,0.010370957760764,0.600092915768164,68169,SANTANDER,CHARTA,0,30,327,117,474
861,Desplazamiento forzado histórico por municipios en Colombia,1980-2014,Elaboración propia del CNMH. Información geográfica del informe Una nación desplazada,2021/09/22 00:00:00+00,0.0141557396708746,0.631115738091246,68176,SANTANDER,CHIMA,28,13,350,296,687
862,Desplazamiento forzado histórico por municipios en Colombia,1980-2014,Elaboración propia del CNMH. Información geográfica del informe Una nación desplazada,2021/09/22 00:00:00+00,0.00775458101745119,0.465600568461967,68179,SANTANDER,CHIPATÁ,0,24,69,36,129
863,Desplazamiento forzado histórico por municipios en Colombia,1980-2014,Elaboración propia del CNMH. Información geográfica del informe Una nación desplazada,2021/09/22 00:00:00+00,0.259459176623122,3.1302966074312,68190,SANTANDER,CIMITARRA,818,632,1613,3630,6693
864,Desplazamiento forzado histórico por municipios en Colombia,1980-2014,Elaboración propia del CNMH. Información geográfica del informe Una nación desplazada,2021/09/22 00:00:00+00,0.0275578078910496,1.13621669350301,68207,SANTANDER,CONCEPCIÓN,25,99,252,136,512
865,Desplazamiento forzado histórico por municipios en Colombia,1980-2014,Elaboración propia del CNMH. Información geográfica del informe Una nación desplazada,2021/09/22 00:00:00+00,0.00583604566461766,0.394072268268368,68209,SANTANDER,CONFINES,0,0,49,13,62
866,Desplazamiento forzado histórico por municipios en Colombia,1980-2014,Elaboración propia del CNMH. Información geográfica del informe Una nación desplazada,2021/09/22 00:00:00+00,0.0957011427172609,3.18309108086895,68615,SANTANDER,RIONEGRO,364,1057,3094,2178,6693
867,Desplazamiento forzado histórico por municipios en Colombia,1980-2014,Elaboración propia del CNMH. Información geográfica del informe Una nación desplazada,2021/09/22 00:00:00+00,0.114894738925583,2.3032128122401,68655,SANTANDER,SABANA DE TORRES,208,1321,3837,2606,7972
868,Desplazamiento forzado histórico por municipios en Colombia,1980-2014,Elaboración propia del CNMH. Información geográfica del informe Una nación desplazada,2021/09/22 00:00:00+00,0.0230205740875622,0.882292173582981,68669,SANTANDER,SAN ANDRÉS,22,146,441,154,763
869,Desplazamiento forzado histórico por municipios en Colombia,1980-2014,Elaboración propia del CNMH. Información geográfica del informe Una nación desplazada,2021/09/22 00:00:00+00,0.00482858240830623,0.412158191173835,68673,SANTANDER,SAN BENITO,7,6,139,78,230
870,Desplazamiento forzado histórico por municipios en Colombia,1980-2014,Elaboración propia del CNMH. Información geográfica del informe Una nación desplazada,2021/09/22 00:00:00+00,0.0120041838160914,0.714792205402745,68679,SANTANDER,SAN GIL,5,16,107,144,272
871,Desplazamiento forzado histórico por municipios en Colombia,1980-2014,Elaboración propia del CNMH. Información geográfica del informe Una nación desplazada,2021/09/22 00:00:00+00,0.0116953116447475,0.597457194281923,68682,SANTANDER,SAN JOAQUÍN,0,1,81,39,121
872,Desplazamiento forzado histórico por municipios en Colombia,1980-2014,Elaboración propia del CNMH. Información geográfica del informe Una nación desplazada,2021/09/22 00:00:00+00,0.00615563964686064,0.37734907795692,68684,SANTANDER,SAN JOSÉ DE MIRANDA,0,5,68,93,166
873,Desplazamiento forzado histórico por municipios en Colombia,1980-2014,Elaboración propia del CNMH. Información geográfica del informe Una nación desplazada,2021/09/22 00:00:00+00,0.00581885108596261,0.385657732639736,68686,SANTANDER,SAN MIGUEL,4,10,94,35,143
874,Desplazamiento forzado histórico por municipios en Colombia,1980-2014,Elaboración propia del CNMH. Información geográfica del informe Una nación desplazada,2021/09/22 00:00:00+00,0.0913288207755104,2.43439193932779,68689,SANTANDER,SAN VICENTE DE CHUCURÍ,1026,2033,3295,2439,8793
875,Desplazamiento forzado histórico por municipios en Colombia,1980-2014,Elaboración propia del CNMH. Información geográfica del informe Una nación desplazada,2021/09/22 00:00:00+00,0.0180951628844925,0.893010911079435,68705,SANTANDER,SANTA BÁRBARA,7,10,109,123,249
876,Desplazamiento forzado histórico por municipios en Colombia,1980-2014,Elaboración propia del CNMH. Información geográfica del informe Una nación desplazada,2021/09/22 00:00:00+00,0.0305561231517264,0.974596229682556,68720,SANTANDER,SANTA HELENA DEL OPÓN,141,225,851,401,1618
877,Desplazamiento forzado histórico por municipios en Colombia,1980-2014,Elaboración propia del CNMH. Información geográfica del informe Una nación desplazada,2021/09/22 00:00:00+00,0.0739800660502547,3.11954907663807,68745,SANTANDER,SIMACOTA,340,398,1963,1420,4121
878,Desplazamiento forzado histórico por municipios en Colombia,1980-2014,Elaboración propia del CNMH. Información geográfica del informe Una nación desplazada,2021/09/22 00:00:00+00,0.0104471151227182,0.467493069325568,68755,SANTANDER,SOCORRO,5,12,96,202,315
879,Desplazamiento forzado histórico por municipios en Colombia,1980-2014,Elaboración propia del CNMH. Información geográfica del informe Una nación desplazada,2021/09/22 00:00:00+00,0.0231495351941008,0.930172317308455,68770,SANTANDER,SUAITA,40,37,202,170,449
880,Desplazamiento forzado histórico por municipios en Colombia,1980-2014,Elaboración propia del CNMH. Información geográfica del informe Una nación desplazada,2021/09/22 00:00:00+00,0.0426775918767145,1.73660673730749,68773,SANTANDER,SUCRE,42,98,769,955,1864
881,Desplazamiento forzado histórico por municipios en Colombia,1980-2014,Elaboración propia del CNMH. Información geográfica del informe Una nación desplazada,2021/09/22 00:00:00+00,0.0297265761853291,1.22469604085596,68780,SANTANDER,SURATÁ,29,128,1485,216,1858
882,Desplazamiento forzado histórico por municipios en Colombia,1980-2014,Elaboración propia del CNMH. Información geográfica del informe Una nación desplazada,2021/09/22 00:00:00+00,0.0270640683793915,0.890181502643464,68820,SANTANDER,TONA,1,62,238,151,452
883,Desplazamiento forzado histórico por municipios en Colombia,1980-2014,Elaboración propia del CNMH. Información geográfica del informe Una nación desplazada,2021/09/22 00:00:00+00,0.00662863136019373,0.370377377870936,68855,SANTANDER,VALLE DE SAN JOSÉ,0,6,38,39,83
884,Desplazamiento forzado histórico por municipios en Colombia,1980-2014,Elaboración propia del CNMH. Información geográfica del informe Una nación desplazada,2021/09/22 00:00:00+00,0.0365811100896291,2.18361989461935,68861,SANTANDER,VÉLEZ,40,34,218,439,731
885,Desplazamiento forzado histórico por municipios en Colombia,1980-2014,Elaboración propia del CNMH. Información geográfica del informe Una nación desplazada,2021/09/22 00:00:00+00,0.00756529995165526,0.410861326521143,68867,SANTANDER,VETAS,0,22,27,23,72
886,Desplazamiento forzado histórico por municipios en Colombia,1980-2014,Elaboración propia del CNMH. Información geográfica del informe Una nación desplazada,2021/09/22 00:00:00+00,0.00798050513313368,0.557528959774909,68872,SANTANDER,VILLANUEVA,0,4,22,31,57
887,Desplazamiento forzado histórico por municipios en Colombia,1980-2014,Elaboración propia del CNMH. Información geográfica del informe Una nación desplazada,2021/09/22 00:00:00+00,0.0298061794035867,1.30742948490615,68895,SANTANDER,ZAPATOCA,56,201,454,182,893
888,Desplazamiento forzado histórico por municipios en Colombia,1980-2014,Elaboración propia del CNMH. Información geográfica del informe Una nación desplazada,2021/09/22 00:00:00+00,0.00326228450846109,0.376286888622927,68370,SANTANDER,JORDÁN,2,3,13,9,27
889,Desplazamiento forzado histórico por municipios en Colombia,1980-2014,Elaboración propia del CNMH. Información geográfica del informe Una nación desplazada,2021/09/22 00:00:00+00,0.02737367648407,1.17488488805137,68377,SANTANDER,LA BELLEZA,40,51,486,800,1377
890,Desplazamiento forzado histórico por municipios en Colombia,1980-2014,Elaboración propia del CNMH. Información geográfica del informe Una nación desplazada,2021/09/22 00:00:00+00,0.0482319287085816,1.81949003648838,68385,SANTANDER,LANDÁZURI,84,172,1654,2492,4402
891,Desplazamiento forzado histórico por municipios en Colombia,1980-2014,Elaboración propia del CNMH. Información geográfica del informe Una nación desplazada,2021/09/22 00:00:00+00,0.0232322216917314,0.988401789692972,68397,SANTANDER,LA PAZ,46,39,190,256,531
892,Desplazamiento forzado histórico por municipios en Colombia,1980-2014,Elaboración propia del CNMH. Información geográfica del informe Una nación desplazada,2021/09/22 00:00:00+00,0.0450576605396447,1.62260872751728,68406,SANTANDER,LEBRIJA,103,548,2509,1202,4362
893,Desplazamiento forzado histórico por municipios en Colombia,1980-2014,Elaboración propia del CNMH. Información geográfica del informe Una nación desplazada,2021/09/22 00:00:00+00,0.0237260973530195,0.658883614471548,68418,SANTANDER,LOS SANTOS,3,23,49,21,96
894,Desplazamiento forzado histórico por municipios en Colombia,1980-2014,Elaboración propia del CNMH. Información geográfica del informe Una nación desplazada,2021/09/22 00:00:00+00,0.00840831520926936,0.49646629197309,68425,SANTANDER,MACARAVITA,18,73,317,70,478
895,Desplazamiento forzado histórico por municipios en Colombia,1980-2014,Elaboración propia del CNMH. Información geográfica del informe Una nación desplazada,2021/09/22 00:00:00+00,0.00467308879783744,0.347083192725874,68432,SANTANDER,MÁLAGA,22,53,668,367,1110
896,Desplazamiento forzado histórico por municipios en Colombia,1980-2014,Elaboración propia del CNMH. Información geográfica del informe Una nación desplazada,2021/09/22 00:00:00+00,0.0193007265782196,0.801712997117136,68444,SANTANDER,MATANZA,7,249,1361,513,2130
897,Desplazamiento forzado histórico por municipios en Colombia,1980-2014,Elaboración propia del CNMH. Información geográfica del informe Una nación desplazada,2021/09/22 00:00:00+00,0.0395501723465079,1.10447394437003,68464,SANTANDER,MOGOTES,0,28,287,250,565
898,Desplazamiento forzado histórico por municipios en Colombia,1980-2014,Elaboración propia del CNMH. Información geográfica del informe Una nación desplazada,2021/09/22 00:00:00+00,0.0147510770099413,0.597492952414976,68468,SANTANDER,MOLAGAVITA,1,31,269,135,436
899,Desplazamiento forzado histórico por municipios en Colombia,1980-2014,Elaboración propia del CNMH. Información geográfica del informe Una nación desplazada,2021/09/22 00:00:00+00,0.0061461233413233,0.408743299999813,68498,SANTANDER,OCAMONTE,7,4,19,36,66
900,Desplazamiento forzado histórico por municipios en Colombia,1980-2014,Elaboración propia del CNMH. Información geográfica del informe Una nación desplazada,2021/09/22 00:00:00+00,0.0235154330708725,0.829205234778593,68500,SANTANDER,OIBA,0,0,63,95,158
901,Desplazamiento forzado histórico por municipios en Colombia,1980-2014,Elaboración propia del CNMH. Información geográfica del informe Una nación desplazada,2021/09/22 00:00:00+00,0.0399636725361872,1.22329604751879,68502,SANTANDER,ONZAGA,6,1,117,164,288
902,Desplazamiento forzado histórico por municipios en Colombia,1980-2014,Elaboración propia del CNMH. Información geográfica del informe Una nación desplazada,2021/09/22 00:00:00+00,0.00160984368027811,0.270018180921133,68522,SANTANDER,PALMAR,12,4,16,3,35
903,Desplazamiento forzado histórico por municipios en Colombia,1980-2014,Elaboración propia del CNMH. Información geográfica del informe Una nación desplazada,2021/09/22 00:00:00+00,0.00478397064722738,0.316002108029075,68524,SANTANDER,PALMAS DEL SOCORRO,0,0,0,10,10
904,Desplazamiento forzado histórico por municipios en Colombia,1980-2014,Elaboración propia del CNMH. Información geográfica del informe Una nación desplazada,2021/09/22 00:00:00+00,0.00596394829239726,0.495256964840353,68533,SANTANDER,PÁRAMO,0,1,20,0,21
905,Desplazamiento forzado histórico por municipios en Colombia,1980-2014,Elaboración propia del CNMH. Información geográfica del informe Una nación desplazada,2021/09/22 00:00:00+00,0.00453916221224277,0.313962841399073,68549,SANTANDER,PINCHOTE,0,0,12,28,40
906,Desplazamiento forzado histórico por municipios en Colombia,1980-2014,Elaboración propia del CNMH. Información geográfica del informe Una nación desplazada,2021/09/22 00:00:00+00,0.0205491027831458,0.755908683202035,68572,SANTANDER,PUENTE NACIONAL,2,16,129,153,300
907,Desplazamiento forzado histórico por municipios en Colombia,1980-2014,Elaboración propia del CNMH. Información geográfica del informe Una nación desplazada,2021/09/22 00:00:00+00,0.0623459020836104,2.19831503636576,68573,SANTANDER,PUERTO PARRA,322,192,563,1389,2466
908,Desplazamiento forzado histórico por municipios en Colombia,1980-2014,Elaboración propia del CNMH. Información geográfica del informe Una nación desplazada,2021/09/22 00:00:00+00,0.123560090404563,3.34389588054927,68575,SANTANDER,PUERTO WILCHES,110,486,3464,3831,7891
909,Desplazamiento forzado histórico por municipios en Colombia,1980-2014,Elaboración propia del CNMH. Información geográfica del informe Una nación desplazada,2021/09/22 00:00:00+00,0.0112088194284502,0.687197731319606,68211,SANTANDER,CONTRATACIÓN,42,45,173,191,451
910,Desplazamiento forzado histórico por municipios en Colombia,1980-2014,Elaboración propia del CNMH. Información geográfica del informe Una nación desplazada,2021/09/22 00:00:00+00,0.0471718474682792,1.11741000706324,68217,SANTANDER,COROMORO,0,15,219,275,509
911,Desplazamiento forzado histórico por municipios en Colombia,1980-2014,Elaboración propia del CNMH. Información geográfica del informe Una nación desplazada,2021/09/22 00:00:00+00,0.0199648769550545,0.923605959324762,68229,SANTANDER,CURITÍ,7,1,27,38,73
912,Desplazamiento forzado histórico por municipios en Colombia,1980-2014,Elaboración propia del CNMH. Información geográfica del informe Una nación desplazada,2021/09/22 00:00:00+00,0.0755601553800035,1.68427686642063,68235,SANTANDER,EL CARMEN DE CHUCURÍ,904,1132,1137,1162,4335
913,Desplazamiento forzado histórico por municipios en Colombia,1980-2014,Elaboración propia del CNMH. Información geográfica del informe Una nación desplazada,2021/09/22 00:00:00+00,0.00759609699400654,0.601336707679535,68245,SANTANDER,EL GUACAMAYO,5,68,28,61,162
914,Desplazamiento forzado histórico por municipios en Colombia,1980-2014,Elaboración propia del CNMH. Información geográfica del informe Una nación desplazada,2021/09/22 00:00:00+00,0.0372665668433019,1.31841496686595,68255,SANTANDER,EL PLAYÓN,159,387,2977,973,4496
915,Desplazamiento forzado histórico por municipios en Colombia,1980-2014,Elaboración propia del CNMH. Información geográfica del informe Una nación desplazada,2021/09/22 00:00:00+00,0.0327003156782081,1.00633415995158,68264,SANTANDER,ENCINO,0,23,40,63,126
916,Desplazamiento forzado histórico por municipios en Colombia,1980-2014,Elaboración propia del CNMH. Información geográfica del informe Una nación desplazada,2021/09/22 00:00:00+00,0.00611467993685853,0.439949810300919,68266,SANTANDER,ENCISO,0,35,122,56,213
917,Desplazamiento forzado histórico por municipios en Colombia,1980-2014,Elaboración propia del CNMH. Información geográfica del informe Una nación desplazada,2021/09/22 00:00:00+00,0.0144189176592112,0.892371052002862,68271,SANTANDER,FLORIÁN,9,39,251,600,899
918,Desplazamiento forzado histórico por municipios en Colombia,1980-2014,Elaboración propia del CNMH. Información geográfica del informe Una nación desplazada,2021/09/22 00:00:00+00,0.0164947861801294,0.659890318329199,68296,SANTANDER,GALÁN,20,36,158,63,277
919,Desplazamiento forzado histórico por municipios en Colombia,1980-2014,Elaboración propia del CNMH. Información geográfica del informe Una nación desplazada,2021/09/22 00:00:00+00,0.0496629624052589,1.45819740780774,68298,SANTANDER,GÁMBITA,0,0,272,117,389
920,Desplazamiento forzado histórico por municipios en Colombia,1980-2014,Elaboración propia del CNMH. Información geográfica del informe Una nación desplazada,2021/09/22 00:00:00+00,0.0247320186519448,0.91253783862457,68318,SANTANDER,GUACA,19,66,395,143,623
921,Desplazamiento forzado histórico por municipios en Colombia,1980-2014,Elaboración propia del CNMH. Información geográfica del informe Una nación desplazada,2021/09/22 00:00:00+00,0.0119552325428825,0.58171885399814,68320,SANTANDER,GUADALUPE,0,11,25,65,101
922,Desplazamiento forzado histórico por municipios en Colombia,1980-2014,Elaboración propia del CNMH. Información geográfica del informe Una nación desplazada,2021/09/22 00:00:00+00,0.00549914506650255,0.36370767146287,68322,SANTANDER,GUAPOTÁ,0,0,5,29,34
923,Desplazamiento forzado histórico por municipios en Colombia,1980-2014,Elaboración propia del CNMH. Información geográfica del informe Una nación desplazada,2021/09/22 00:00:00+00,0.0068431806856295,0.461481691919667,68324,SANTANDER,GUAVATÁ,18,5,69,109,201
924,Desplazamiento forzado histórico por municipios en Colombia,1980-2014,Elaboración propia del CNMH. Información geográfica del informe Una nación desplazada,2021/09/22 00:00:00+00,0.00246305740667288,0.325106514206893,68327,SANTANDER,GÜEPSA,11,0,40,25,76
925,Desplazamiento forzado histórico por municipios en Colombia,1980-2014,Elaboración propia del CNMH. Información geográfica del informe Una nación desplazada,2021/09/22 00:00:00+00,0.0138170673339788,0.61120578971772,68344,SANTANDER,HATO,13,5,467,85,570
926,Desplazamiento forzado histórico por municipios en Colombia,1980-2014,Elaboración propia del CNMH. Información geográfica del informe Una nación desplazada,2021/09/22 00:00:00+00,0.00731561631909215,0.739158992660712,68368,SANTANDER,JESÚS MARÍA,10,11,32,106,159
927,Desplazamiento forzado histórico por municipios en Colombia,1980-2014,Elaboración propia del CNMH. Información geográfica del informe Una nación desplazada,2021/09/22 00:00:00+00,0.040268357099211,2.02981134178912,68307,SANTANDER,GIRÓN,46,183,1095,1184,2508
928,Desplazamiento forzado histórico por municipios en Colombia,1980-2014,Elaboración propia del CNMH. Información geográfica del informe Una nación desplazada,2021/09/22 00:00:00+00,0.00819779060371827,0.545500660788137,68276,SANTANDER,FLORIDABLANCA,19,56,213,625,913
929,Desplazamiento forzado histórico por municipios en Colombia,1980-2014,Elaboración propia del CNMH. Información geográfica del informe Una nación desplazada,2021/09/22 00:00:00+00,0.0825161802792228,4.35710657365088,68101,SANTANDER,BOLÍVAR,254,140,1886,1304,3584
930,Desplazamiento forzado histórico por municipios en Colombia,1980-2014,Elaboración propia del CNMH. Información geográfica del informe Una nación desplazada,2021/09/22 00:00:00+00,0.0325303917811424,1.15920332937988,68250,SANTANDER,EL PEÑÓN,88,45,410,1013,1556
931,Desplazamiento forzado histórico por municipios en Colombia,1980-2014,Elaboración propia del CNMH. Información geográfica del informe Una nación desplazada,2021/09/22 00:00:00+00,0.0396495673793991,1.26530251486666,68547,SANTANDER,PIEDECUESTA,1,38,479,822,1340
932,Desplazamiento forzado histórico por municipios en Colombia,1980-2014,Elaboración propia del CNMH. Información geográfica del informe Una nación desplazada,2021/09/22 00:00:00+00,0.0125856199114831,0.722359965978991,68001,SANTANDER,BUCARAMANGA,45,260,2724,3354,6383
933,Desplazamiento forzado histórico por municipios en Colombia,1980-2014,Elaboración propia del CNMH. Información geográfica del informe Una nación desplazada,2021/09/22 00:00:00+00,0.0230287236708236,1.1749153796803,70001,SUCRE,SINCELEJO,60,597,6191,4132,10980
934,Desplazamiento forzado histórico por municipios en Colombia,1980-2014,Elaboración propia del CNMH. Información geográfica del informe Una nación desplazada,2021/09/22 00:00:00+00,0.0120538681712982,0.881710077022922,70110,SUCRE,BUENAVISTA,16,117,1342,1532,3007
935,Desplazamiento forzado histórico por municipios en Colombia,1980-2014,Elaboración propia del CNMH. Información geográfica del informe Una nación desplazada,2021/09/22 00:00:00+00,0.0338859588932207,1.17949007994868,70124,SUCRE,CAIMITO,25,126,1167,359,1677
936,Desplazamiento forzado histórico por municipios en Colombia,1980-2014,Elaboración propia del CNMH. Información geográfica del informe Una nación desplazada,2021/09/22 00:00:00+00,0.0107955319923414,0.788267659951234,70204,SUCRE,COLOSÓ,105,1504,17760,2568,21937
937,Desplazamiento forzado histórico por municipios en Colombia,1980-2014,Elaboración propia del CNMH. Información geográfica del informe Una nación desplazada,2021/09/22 00:00:00+00,0.0235151754824573,1.4374980595843,70215,SUCRE,COROZAL,30,707,1135,1208,3080
938,Desplazamiento forzado histórico por municipios en Colombia,1980-2014,Elaboración propia del CNMH. Información geográfica del informe Una nación desplazada,2021/09/22 00:00:00+00,0.00465192242480552,0.426884231023572,70221,SUCRE,COVEÑAS,4,25,84,200,313
939,Desplazamiento forzado histórico por municipios en Colombia,1980-2014,Elaboración propia del CNMH. Información geográfica del informe Una nación desplazada,2021/09/22 00:00:00+00,0.00689090164131823,0.572024422022495,70230,SUCRE,CHALÁN,50,1685,5547,1271,8553
940,Desplazamiento forzado histórico por municipios en Colombia,1980-2014,Elaboración propia del CNMH. Información geográfica del informe Una nación desplazada,2021/09/22 00:00:00+00,0.0163142202681252,1.23421947161237,70233,SUCRE,EL ROBLE,42,298,1402,1166,2908
941,Desplazamiento forzado histórico por municipios en Colombia,1980-2014,Elaboración propia del CNMH. Información geográfica del informe Una nación desplazada,2021/09/22 00:00:00+00,0.0264683881214942,1.12379500452388,70235,SUCRE,GALERAS,38,159,3073,1925,5195
942,Desplazamiento forzado histórico por municipios en Colombia,1980-2014,Elaboración propia del CNMH. Información geográfica del informe Una nación desplazada,2021/09/22 00:00:00+00,0.0297043188838212,1.4238868702869,70265,SUCRE,GUARANDA,122,191,2602,1855,4770
943,Desplazamiento forzado histórico por municipios en Colombia,1980-2014,Elaboración propia del CNMH. Información geográfica del informe Una nación desplazada,2021/09/22 00:00:00+00,0.0190875106348848,1.07762608311396,70400,SUCRE,LA UNIÓN,8,22,183,129,342
944,Desplazamiento forzado histórico por municipios en Colombia,1980-2014,Elaboración propia del CNMH. Información geográfica del informe Una nación desplazada,2021/09/22 00:00:00+00,0.0163662950628027,0.853220435482205,70418,SUCRE,LOS PALMITOS,76,1203,6295,2924,10498
945,Desplazamiento forzado histórico por municipios en Colombia,1980-2014,Elaboración propia del CNMH. Información geográfica del informe Una nación desplazada,2021/09/22 00:00:00+00,0.0694034930094249,1.79122816478761,70429,SUCRE,MAJAGUAL,56,431,3207,1775,5469
946,Desplazamiento forzado histórico por municipios en Colombia,1980-2014,Elaboración propia del CNMH. Información geográfica del informe Una nación desplazada,2021/09/22 00:00:00+00,0.0378719991463625,1.37848901746116,70508,SUCRE,OVEJAS,280,2171,29089,8071,39611
947,Desplazamiento forzado histórico por municipios en Colombia,1980-2014,Elaboración propia del CNMH. Información geográfica del informe Una nación desplazada,2021/09/22 00:00:00+00,0.0143580589911636,0.678432320712966,70523,SUCRE,PALMITO,6,168,1318,622,2114
948,Desplazamiento forzado histórico por municipios en Colombia,1980-2014,Elaboración propia del CNMH. Información geográfica del informe Una nación desplazada,2021/09/22 00:00:00+00,0.0175869544486854,1.00678087101317,70670,SUCRE,SAMPUÉS,11,116,546,526,1199
949,Desplazamiento forzado histórico por municipios en Colombia,1980-2014,Elaboración propia del CNMH. Información geográfica del informe Una nación desplazada,2021/09/22 00:00:00+00,0.122777446094695,2.98497230281103,70678,SUCRE,SAN BENITO ABAD,125,502,9741,3396,13764
950,Desplazamiento forzado histórico por municipios en Colombia,1980-2014,Elaboración propia del CNMH. Información geográfica del informe Una nación desplazada,2021/09/22 00:00:00+00,0.013834278074942,0.863295496264385,70702,SUCRE,SAN JUAN DE BETULIA,16,168,471,938,1593
951,Desplazamiento forzado histórico por municipios en Colombia,1980-2014,Elaboración propia del CNMH. Información geográfica del informe Una nación desplazada,2021/09/22 00:00:00+00,0.0796740898173023,1.63351435846759,70708,SUCRE,SAN MARCOS,48,230,1590,2111,3979
952,Desplazamiento forzado histórico por municipios en Colombia,1980-2014,Elaboración propia del CNMH. Información geográfica del informe Una nación desplazada,2021/09/22 00:00:00+00,0.085254801623283,2.08051702467562,70713,SUCRE,SAN ONOFRE,108,1346,31386,9352,42192
953,Desplazamiento forzado histórico por municipios en Colombia,1980-2014,Elaboración propia del CNMH. Información geográfica del informe Una nación desplazada,2021/09/22 00:00:00+00,0.0175281595927185,0.852531102982431,70717,SUCRE,SAN PEDRO,62,470,1981,993,3506
954,Desplazamiento forzado histórico por municipios en Colombia,1980-2014,Elaboración propia del CNMH. Información geográfica del informe Una nación desplazada,2021/09/22 00:00:00+00,0.0344647628177371,1.62328470306847,70742,SUCRE,SAN LUIS DE SINCÉ,2,43,795,483,1323
955,Desplazamiento forzado histórico por municipios en Colombia,1980-2014,Elaboración propia del CNMH. Información geográfica del informe Una nación desplazada,2021/09/22 00:00:00+00,0.0929546461335519,2.14668027780013,70771,SUCRE,SUCRE,139,1315,11045,3532,16031
956,Desplazamiento forzado histórico por municipios en Colombia,1980-2014,Elaboración propia del CNMH. Información geográfica del informe Una nación desplazada,2021/09/22 00:00:00+00,0.0248971081108825,0.980491590838844,70820,SUCRE,SANTIAGO DE TOLÚ,0,150,1854,469,2473
957,Desplazamiento forzado histórico por municipios en Colombia,1980-2014,Elaboración propia del CNMH. Información geográfica del informe Una nación desplazada,2021/09/22 00:00:00+00,0.0234545061640801,1.21009446490476,70823,SUCRE,SAN JOSÉ DE TOLUVIEJO,51,666,9820,4613,15150
958,Desplazamiento forzado histórico por municipios en Colombia,1980-2014,Elaboración propia del CNMH. Información geográfica del informe Una nación desplazada,2021/09/22 00:00:00+00,0.0139883358835909,0.676133997111615,70473,SUCRE,MORROA,68,858,4707,1844,7477
959,Desplazamiento forzado histórico por municipios en Colombia,1980-2014,Elaboración propia del CNMH. Información geográfica del informe Una nación desplazada,2021/09/22 00:00:00+00,0.112171061934151,2.48004198701509,73001,TOLIMA,IBAGUÉ,31,377,4421,14236,19065
960,Desplazamiento forzado histórico por municipios en Colombia,1980-2014,Elaboración propia del CNMH. Información geográfica del informe Una nación desplazada,2021/09/22 00:00:00+00,0.0408034168028383,1.0547136902675,73024,TOLIMA,ALPUJARRA,6,18,618,705,1347
961,Desplazamiento forzado histórico por municipios en Colombia,1980-2014,Elaboración propia del CNMH. Información geográfica del informe Una nación desplazada,2021/09/22 00:00:00+00,0.028054384212784,1.06958878381295,73026,TOLIMA,ALVARADO,0,70,552,1213,1835
962,Desplazamiento forzado histórico por municipios en Colombia,1980-2014,Elaboración propia del CNMH. Información geográfica del informe Una nación desplazada,2021/09/22 00:00:00+00,0.0194027914178345,1.00915041842176,73030,TOLIMA,AMBALEMA,0,24,201,491,716
963,Desplazamiento forzado histórico por municipios en Colombia,1980-2014,Elaboración propia del CNMH. Información geográfica del informe Una nación desplazada,2021/09/22 00:00:00+00,0.0382669249644708,1.31017749706921,73043,TOLIMA,ANZOÁTEGUI,6,99,1589,4014,5708
964,Desplazamiento forzado histórico por municipios en Colombia,1980-2014,Elaboración propia del CNMH. Información geográfica del informe Una nación desplazada,2021/09/22 00:00:00+00,0.0359241803413764,1.44410044002824,73055,TOLIMA,ARMERO,16,54,612,853,1535
965,Desplazamiento forzado histórico por municipios en Colombia,1980-2014,Elaboración propia del CNMH. Información geográfica del informe Una nación desplazada,2021/09/22 00:00:00+00,0.0827672654766964,2.25934817747947,73067,TOLIMA,ATACO,62,306,9020,7767,17155
966,Desplazamiento forzado histórico por municipios en Colombia,1980-2014,Elaboración propia del CNMH. Información geográfica del informe Una nación desplazada,2021/09/22 00:00:00+00,0.0414040152023461,1.02936807451777,73124,TOLIMA,CAJAMARCA,16,61,1664,3550,5291
967,Desplazamiento forzado histórico por municipios en Colombia,1980-2014,Elaboración propia del CNMH. Información geográfica del informe Una nación desplazada,2021/09/22 00:00:00+00,0.0155407337675313,0.733930355399728,73148,TOLIMA,CARMEN DE APICALÁ,0,4,104,143,251
968,Desplazamiento forzado histórico por municipios en Colombia,1980-2014,Elaboración propia del CNMH. Información geográfica del informe Una nación desplazada,2021/09/22 00:00:00+00,0.014259312218824,1.08031995387483,73152,TOLIMA,CASABIANCA,13,58,740,1350,2161
969,Desplazamiento forzado histórico por municipios en Colombia,1980-2014,Elaboración propia del CNMH. Información geográfica del informe Una nación desplazada,2021/09/22 00:00:00+00,0.171008645629309,2.57927236092549,73168,TOLIMA,CHAPARRAL,74,449,5942,14306,20771
970,Desplazamiento forzado histórico por municipios en Colombia,1980-2014,Elaboración propia del CNMH. Información geográfica del informe Una nación desplazada,2021/09/22 00:00:00+00,0.0279869220592609,1.22178680556995,73200,TOLIMA,COELLO,0,10,157,318,485
971,Desplazamiento forzado histórico por municipios en Colombia,1980-2014,Elaboración propia del CNMH. Información geográfica del informe Una nación desplazada,2021/09/22 00:00:00+00,0.0544483416936387,1.458270698,73217,TOLIMA,COYAIMA,28,109,3568,7276,10981
972,Desplazamiento forzado histórico por municipios en Colombia,1980-2014,Elaboración propia del CNMH. Información geográfica del informe Una nación desplazada,2021/09/22 00:00:00+00,0.0413234786214874,1.23108862803964,73226,TOLIMA,CUNDAY,31,161,3097,2491,5780
973,Desplazamiento forzado histórico por municipios en Colombia,1980-2014,Elaboración propia del CNMH. Información geográfica del informe Una nación desplazada,2021/09/22 00:00:00+00,0.0530582058291838,1.87537302354472,73236,TOLIMA,DOLORES,27,110,3069,3547,6753
974,Desplazamiento forzado histórico por municipios en Colombia,1980-2014,Elaboración propia del CNMH. Información geográfica del informe Una nación desplazada,2021/09/22 00:00:00+00,0.0176303385487973,0.786022845080162,73268,TOLIMA,ESPINAL,13,49,213,683,958
975,Desplazamiento forzado histórico por municipios en Colombia,1980-2014,Elaboración propia del CNMH. Información geográfica del informe Una nación desplazada,2021/09/22 00:00:00+00,0.0147838166784077,0.861761614026173,73270,TOLIMA,FALAN,2,32,910,927,1871
976,Desplazamiento forzado histórico por municipios en Colombia,1980-2014,Elaboración propia del CNMH. Información geográfica del informe Una nación desplazada,2021/09/22 00:00:00+00,0.00788353248366449,0.501337935162133,73275,TOLIMA,FLANDES,0,1,69,202,272
977,Desplazamiento forzado histórico por municipios en Colombia,1980-2014,Elaboración propia del CNMH. Información geográfica del informe Una nación desplazada,2021/09/22 00:00:00+00,0.0179117220462862,0.848806680831374,73283,TOLIMA,FRESNO,16,62,1829,2205,4112
978,Desplazamiento forzado histórico por municipios en Colombia,1980-2014,Elaboración propia del CNMH. Información geográfica del informe Una nación desplazada,2021/09/22 00:00:00+00,0.0411783303643491,1.15859979830445,73319,TOLIMA,GUAMO,9,50,635,1274,1968
979,Desplazamiento forzado histórico por municipios en Colombia,1980-2014,Elaboración propia del CNMH. Información geográfica del informe Una nación desplazada,2021/09/22 00:00:00+00,0.0263092471076792,1.02424004241651,73347,TOLIMA,HERVEO,6,31,731,1208,1976
980,Desplazamiento forzado histórico por municipios en Colombia,1980-2014,Elaboración propia del CNMH. Información geográfica del informe Una nación desplazada,2021/09/22 00:00:00+00,0.0175247956929655,0.791659312911471,73352,TOLIMA,ICONONZO,38,169,1996,2121,4324
981,Desplazamiento forzado histórico por municipios en Colombia,1980-2014,Elaboración propia del CNMH. Información geográfica del informe Una nación desplazada,2021/09/22 00:00:00+00,0.0221667726279416,1.03325199525966,73408,TOLIMA,LÉRIDA,4,45,1128,2014,3191
982,Desplazamiento forzado histórico por municipios en Colombia,1980-2014,Elaboración propia del CNMH. Información geográfica del informe Una nación desplazada,2021/09/22 00:00:00+00,0.023014770991943,0.913653279526678,73411,TOLIMA,LÍBANO,41,319,7440,7488,15288
983,Desplazamiento forzado histórico por municipios en Colombia,1980-2014,Elaboración propia del CNMH. Información geográfica del informe Una nación desplazada,2021/09/22 00:00:00+00,0.0239236103478571,0.839411418742252,73443,TOLIMA,SAN SEBASTIÁN DE MARIQUITA,10,62,761,1179,2012
984,Desplazamiento forzado histórico por municipios en Colombia,1980-2014,Elaboración propia del CNMH. Información geográfica del informe Una nación desplazada,2021/09/22 00:00:00+00,0.0164746975931892,0.960619558660352,73449,TOLIMA,MELGAR,2,3,106,216,327
985,Desplazamiento forzado histórico por municipios en Colombia,1980-2014,Elaboración propia del CNMH. Información geográfica del informe Una nación desplazada,2021/09/22 00:00:00+00,0.0345461469297759,0.987545889038448,73461,TOLIMA,MURILLO,11,23,753,1268,2055
986,Desplazamiento forzado histórico por municipios en Colombia,1980-2014,Elaboración propia del CNMH. Información geográfica del informe Una nación desplazada,2021/09/22 00:00:00+00,0.0699599405148234,1.66239359880562,73483,TOLIMA,NATAGAIMA,36,178,4653,5237,10104
987,Desplazamiento forzado histórico por municipios en Colombia,1980-2014,Elaboración propia del CNMH. Información geográfica del informe Una nación desplazada,2021/09/22 00:00:00+00,0.0776321237506169,1.55146338629042,73504,TOLIMA,ORTEGA,31,303,3438,7154,10926
988,Desplazamiento forzado histórico por municipios en Colombia,1980-2014,Elaboración propia del CNMH. Información geográfica del informe Una nación desplazada,2021/09/22 00:00:00+00,0.00530051757677087,0.373498840891773,73520,TOLIMA,PALOCABILDO,9,32,976,1466,2483
989,Desplazamiento forzado histórico por municipios en Colombia,1980-2014,Elaboración propia del CNMH. Información geográfica del informe Una nación desplazada,2021/09/22 00:00:00+00,0.028873626596909,1.33239739514633,73547,TOLIMA,PIEDRAS,0,0,30,94,124
990,Desplazamiento forzado histórico por municipios en Colombia,1980-2014,Elaboración propia del CNMH. Información geográfica del informe Una nación desplazada,2021/09/22 00:00:00+00,0.142577764185869,2.08703387280386,73555,TOLIMA,PLANADAS,66,409,5823,14125,20423
991,Desplazamiento forzado histórico por municipios en Colombia,1980-2014,Elaboración propia del CNMH. Información geográfica del informe Una nación desplazada,2021/09/22 00:00:00+00,0.0344302393675312,1.1657392886781,73563,TOLIMA,PRADO,55,156,3842,2191,6244
992,Desplazamiento forzado histórico por municipios en Colombia,1980-2014,Elaboración propia del CNMH. Información geográfica del informe Una nación desplazada,2021/09/22 00:00:00+00,0.0327410671180732,1.46057230493775,73585,TOLIMA,PURIFICACIÓN,21,25,1025,1376,2447
993,Desplazamiento forzado histórico por municipios en Colombia,1980-2014,Elaboración propia del CNMH. Información geográfica del informe Una nación desplazada,2021/09/22 00:00:00+00,0.166372649084089,2.31056052004818,73616,TOLIMA,RIOBLANCO,80,951,12563,12352,25946
994,Desplazamiento forzado histórico por municipios en Colombia,1980-2014,Elaboración propia del CNMH. Información geográfica del informe Una nación desplazada,2021/09/22 00:00:00+00,0.0631435348029845,1.41225464631883,73622,TOLIMA,RONCESVALLES,5,70,1093,1959,3127
995,Desplazamiento forzado histórico por municipios en Colombia,1980-2014,Elaboración propia del CNMH. Información geográfica del informe Una nación desplazada,2021/09/22 00:00:00+00,0.0602046834047786,1.47056811922002,73624,TOLIMA,ROVIRA,78,152,2956,7990,11176
996,Desplazamiento forzado histórico por municipios en Colombia,1980-2014,Elaboración propia del CNMH. Información geográfica del informe Una nación desplazada,2021/09/22 00:00:00+00,0.0157293494571058,0.815845684301361,73671,TOLIMA,SALDAÑA,0,29,789,842,1660
997,Desplazamiento forzado histórico por municipios en Colombia,1980-2014,Elaboración propia del CNMH. Información geográfica del informe Una nación desplazada,2021/09/22 00:00:00+00,0.03120143623396,1.10870347254017,73675,TOLIMA,SAN ANTONIO,56,145,4833,5880,10914
998,Desplazamiento forzado histórico por municipios en Colombia,1980-2014,Elaboración propia del CNMH. Información geográfica del informe Una nación desplazada,2021/09/22 00:00:00+00,0.0335634966629987,1.56207150845668,73678,TOLIMA,SAN LUIS,0,33,1304,1392,2729
999,Desplazamiento forzado histórico por municipios en Colombia,1980-2014,Elaboración propia del CNMH. Información geográfica del informe Una nación desplazada,2021/09/22 00:00:00+00,0.0220145504028692,1.23735670272528,73686,TOLIMA,SANTA ISABEL,5,31,850,2215,3101
1000,Desplazamiento forzado histórico por municipios en Colombia,1980-2014,Elaboración propia del CNMH. Información geográfica del informe Una nación desplazada,2021/09/22 00:00:00+00,0.0154771532032873,0.969883272054232,73770,TOLIMA,SUÁREZ,0,4,35,160,199
1001,Desplazamiento forzado histórico por municipios en Colombia,1980-2014,Elaboración propia del CNMH. Información geográfica del informe Una nación desplazada,2021/09/22 00:00:00+00,0.016109098833716,0.659610995909418,73854,TOLIMA,VALLE DE SAN JUAN,1,42,747,362,1152
1002,Desplazamiento forzado histórico por municipios en Colombia,1980-2014,Elaboración propia del CNMH. Información geográfica del informe Una nación desplazada,2021/09/22 00:00:00+00,0.0272695751592817,1.10075823547189,73861,TOLIMA,VENADILLO,6,78,1010,2114,3208
1003,Desplazamiento forzado histórico por municipios en Colombia,1980-2014,Elaboración propia del CNMH. Información geográfica del informe Una nación desplazada,2021/09/22 00:00:00+00,0.0227588187458867,0.956639006837279,73870,TOLIMA,VILLAHERMOSA,17,174,1543,3071,4805
1004,Desplazamiento forzado histórico por municipios en Colombia,1980-2014,Elaboración propia del CNMH. Información geográfica del informe Una nación desplazada,2021/09/22 00:00:00+00,0.0350452258091183,0.929941764632052,73873,TOLIMA,VILLARRICA,96,139,2658,1982,4875
1005,Desplazamiento forzado histórico por municipios en Colombia,1980-2014,Elaboración propia del CNMH. Información geográfica del informe Una nación desplazada,2021/09/22 00:00:00+00,0.0248643616516643,1.0648317584138,73349,TOLIMA,HONDA,5,34,310,451,800
1006,Desplazamiento forzado histórico por municipios en Colombia,1980-2014,Elaboración propia del CNMH. Información geográfica del informe Una nación desplazada,2021/09/22 00:00:00+00,0.0457329833340968,1.16441089630796,76001,VALLE DEL CAUCA,CALI,61,204,3415,14385,18065
1007,Desplazamiento forzado histórico por municipios en Colombia,1980-2014,Elaboración propia del CNMH. Información geográfica del informe Una nación desplazada,2021/09/22 00:00:00+00,0.00898485117155108,0.66510043306281,76036,VALLE DEL CAUCA,ANDALUCÍA,0,40,422,379,841
1008,Desplazamiento forzado histórico por municipios en Colombia,1980-2014,Elaboración propia del CNMH. Información geográfica del informe Una nación desplazada,2021/09/22 00:00:00+00,0.0248710771564034,0.946044152325845,76041,VALLE DEL CAUCA,ANSERMANUEVO,10,43,144,610,807
1009,Desplazamiento forzado histórico por municipios en Colombia,1980-2014,Elaboración propia del CNMH. Información geográfica del informe Una nación desplazada,2021/09/22 00:00:00+00,0.00739101749053418,0.453826062401118,76054,VALLE DEL CAUCA,ARGELIA,20,24,105,755,904
1010,Desplazamiento forzado histórico por municipios en Colombia,1980-2014,Elaboración propia del CNMH. Información geográfica del informe Una nación desplazada,2021/09/22 00:00:00+00,0.0671583507203184,2.00653600144515,76111,VALLE DEL CAUCA,GUADALAJARA DE BUGA,42,112,4441,2682,7277
1011,Desplazamiento forzado histórico por municipios en Colombia,1980-2014,Elaboración propia del CNMH. Información geográfica del informe Una nación desplazada,2021/09/22 00:00:00+00,0.0322792939542687,1.03360629648405,76113,VALLE DEL CAUCA,BUGALAGRANDE,23,241,3686,1855,5805
1012,Desplazamiento forzado histórico por municipios en Colombia,1980-2014,Elaboración propia del CNMH. Información geográfica del informe Una nación desplazada,2021/09/22 00:00:00+00,0.0135904999142139,0.646589992192831,76122,VALLE DEL CAUCA,CAICEDONIA,8,42,1020,1132,2202
1013,Desplazamiento forzado histórico por municipios en Colombia,1980-2014,Elaboración propia del CNMH. Información geográfica del informe Una nación desplazada,2021/09/22 00:00:00+00,0.0644849809949918,1.54419773878495,76126,VALLE DEL CAUCA,CALIMA,4,26,1206,1232,2468
1014,Desplazamiento forzado histórico por municipios en Colombia,1980-2014,Elaboración propia del CNMH. Información geográfica del informe Una nación desplazada,2021/09/22 00:00:00+00,0.024087068693058,0.871318976401991,76130,VALLE DEL CAUCA,CANDELARIA,2,9,91,680,782
1015,Desplazamiento forzado histórico por municipios en Colombia,1980-2014,Elaboración propia del CNMH. Información geográfica del informe Una nación desplazada,2021/09/22 00:00:00+00,0.0202114813859855,0.895557945102835,76147,VALLE DEL CAUCA,CARTAGO,10,73,286,1310,1679
1016,Desplazamiento forzado histórico por municipios en Colombia,1980-2014,Elaboración propia del CNMH. Información geográfica del informe Una nación desplazada,2021/09/22 00:00:00+00,0.0152945509259776,0.740303705497424,76243,VALLE DEL CAUCA,EL ÁGUILA,19,59,385,899,1362
1017,Desplazamiento forzado histórico por municipios en Colombia,1980-2014,Elaboración propia del CNMH. Información geográfica del informe Una nación desplazada,2021/09/22 00:00:00+00,0.0174363017577329,0.617222921741316,76246,VALLE DEL CAUCA,EL CAIRO,6,54,308,912,1280
1018,Desplazamiento forzado histórico por municipios en Colombia,1980-2014,Elaboración propia del CNMH. Información geográfica del informe Una nación desplazada,2021/09/22 00:00:00+00,0.0359213986246601,1.52869531495447,76248,VALLE DEL CAUCA,EL CERRITO,17,23,1266,769,2075
1019,Desplazamiento forzado histórico por municipios en Colombia,1980-2014,Elaboración propia del CNMH. Información geográfica del informe Una nación desplazada,2021/09/22 00:00:00+00,0.0191549625736352,0.973533526482594,76250,VALLE DEL CAUCA,EL DOVIO,128,124,701,3595,4548
1020,Desplazamiento forzado histórico por municipios en Colombia,1980-2014,Elaboración propia del CNMH. Información geográfica del informe Una nación desplazada,2021/09/22 00:00:00+00,0.0326317325817355,1.08098692270762,76275,VALLE DEL CAUCA,FLORIDA,28,137,2371,3159,5695
1021,Desplazamiento forzado histórico por municipios en Colombia,1980-2014,Elaboración propia del CNMH. Información geográfica del informe Una nación desplazada,2021/09/22 00:00:00+00,0.0218476923112195,0.757605656624986,76306,VALLE DEL CAUCA,GINEBRA,8,14,418,444,884
1022,Desplazamiento forzado histórico por municipios en Colombia,1980-2014,Elaboración propia del CNMH. Información geográfica del informe Una nación desplazada,2021/09/22 00:00:00+00,0.0132097553631929,0.733468250925882,76318,VALLE DEL CAUCA,GUACARÍ,0,22,283,556,861
1023,Desplazamiento forzado histórico por municipios en Colombia,1980-2014,Elaboración propia del CNMH. Información geográfica del informe Una nación desplazada,2021/09/22 00:00:00+00,0.00507796460196653,0.489800416021999,76020,VALLE DEL CAUCA,ALCALÁ,0,31,134,480,645
1024,Desplazamiento forzado histórico por municipios en Colombia,1980-2014,Elaboración propia del CNMH. Información geográfica del informe Una nación desplazada,2021/09/22 00:00:00+00,0.0174766785393123,0.718547456374742,76497,VALLE DEL CAUCA,OBANDO,13,45,151,267,476
1025,Desplazamiento forzado histórico por municipios en Colombia,1980-2014,Elaboración propia del CNMH. Información geográfica del informe Una nación desplazada,2021/09/22 00:00:00+00,0.0816970287851679,2.063917054226,76520,VALLE DEL CAUCA,PALMIRA,7,54,1768,3298,5127
1026,Desplazamiento forzado histórico por municipios en Colombia,1980-2014,Elaboración propia del CNMH. Información geográfica del informe Una nación desplazada,2021/09/22 00:00:00+00,0.0289923810590717,0.977378327593923,76563,VALLE DEL CAUCA,PRADERA,21,52,1514,4111,5698
1027,Desplazamiento forzado histórico por municipios en Colombia,1980-2014,Elaboración propia del CNMH. Información geográfica del informe Una nación desplazada,2021/09/22 00:00:00+00,0.0111511607790694,0.564075849678862,76606,VALLE DEL CAUCA,RESTREPO,5,59,534,561,1159
1028,Desplazamiento forzado histórico por municipios en Colombia,1980-2014,Elaboración propia del CNMH. Información geográfica del informe Una nación desplazada,2021/09/22 00:00:00+00,0.0250516219905632,1.00631743628031,76616,VALLE DEL CAUCA,RIOFRÍO,35,356,739,2442,3572
1029,Desplazamiento forzado histórico por municipios en Colombia,1980-2014,Elaboración propia del CNMH. Información geográfica del informe Una nación desplazada,2021/09/22 00:00:00+00,0.0191812458142228,0.844310914721101,76622,VALLE DEL CAUCA,ROLDANILLO,13,37,307,1925,2282
1030,Desplazamiento forzado histórico por municipios en Colombia,1980-2014,Elaboración propia del CNMH. Información geográfica del informe Una nación desplazada,2021/09/22 00:00:00+00,0.0164369637201808,0.779831616909958,76670,VALLE DEL CAUCA,SAN PEDRO,0,66,2349,749,3164
1031,Desplazamiento forzado histórico por municipios en Colombia,1980-2014,Elaboración propia del CNMH. Información geográfica del informe Una nación desplazada,2021/09/22 00:00:00+00,0.0437116215574056,1.80387240615416,76736,VALLE DEL CAUCA,SEVILLA,46,139,1819,2123,4127
1032,Desplazamiento forzado histórico por municipios en Colombia,1980-2014,Elaboración propia del CNMH. Información geográfica del informe Una nación desplazada,2021/09/22 00:00:00+00,0.0143073485917513,0.66002502759168,76823,VALLE DEL CAUCA,TORO,29,97,106,682,914
1033,Desplazamiento forzado histórico por municipios en Colombia,1980-2014,Elaboración propia del CNMH. Información geográfica del informe Una nación desplazada,2021/09/22 00:00:00+00,0.0250206647509951,0.886119693611234,76828,VALLE DEL CAUCA,TRUJILLO,163,1225,1059,2473,4920
1034,Desplazamiento forzado histórico por municipios en Colombia,1980-2014,Elaboración propia del CNMH. Información geográfica del informe Una nación desplazada,2021/09/22 00:00:00+00,0.0739685948424111,1.95496636905682,76834,VALLE DEL CAUCA,TULUÁ,97,579,13144,7935,21755
1035,Desplazamiento forzado histórico por municipios en Colombia,1980-2014,Elaboración propia del CNMH. Información geográfica del informe Una nación desplazada,2021/09/22 00:00:00+00,0.0034090116007699,0.514650706011632,76845,VALLE DEL CAUCA,ULLOA,0,6,94,119,219
1036,Desplazamiento forzado histórico por municipios en Colombia,1980-2014,Elaboración propia del CNMH. Información geográfica del informe Una nación desplazada,2021/09/22 00:00:00+00,0.0163256479711999,0.814830845478384,76863,VALLE DEL CAUCA,VERSALLES,27,39,190,1049,1305
1037,Desplazamiento forzado histórico por municipios en Colombia,1980-2014,Elaboración propia del CNMH. Información geográfica del informe Una nación desplazada,2021/09/22 00:00:00+00,0.00916859206027276,0.570020974110094,76869,VALLE DEL CAUCA,VIJES,7,6,92,95,200
1038,Desplazamiento forzado histórico por municipios en Colombia,1980-2014,Elaboración propia del CNMH. Información geográfica del informe Una nación desplazada,2021/09/22 00:00:00+00,0.0266475347298468,1.34182754962831,76890,VALLE DEL CAUCA,YOTOCO,0,23,111,366,500
1039,Desplazamiento forzado histórico por municipios en Colombia,1980-2014,Elaboración propia del CNMH. Información geográfica del informe Una nación desplazada,2021/09/22 00:00:00+00,0.0187353497710718,0.76490619006459,76892,VALLE DEL CAUCA,YUMBO,10,15,210,945,1180
1040,Desplazamiento forzado histórico por municipios en Colombia,1980-2014,Elaboración propia del CNMH. Información geográfica del informe Una nación desplazada,2021/09/22 00:00:00+00,0.0299401536614086,1.25720711180228,76895,VALLE DEL CAUCA,ZARZAL,10,28,259,1072,1369
1041,Desplazamiento forzado histórico por municipios en Colombia,1980-2014,Elaboración propia del CNMH. Información geográfica del informe Una nación desplazada,2021/09/22 00:00:00+00,0.021545050532356,0.916313961014616,76403,VALLE DEL CAUCA,LA VICTORIA,0,22,183,509,714
1042,Desplazamiento forzado histórico por municipios en Colombia,1980-2014,Elaboración propia del CNMH. Información geográfica del informe Una nación desplazada,2021/09/22 00:00:00+00,0.00983772757483635,0.538919233627974,76400,VALLE DEL CAUCA,LA UNIÓN,3,15,193,907,1118
1043,Desplazamiento forzado histórico por municipios en Colombia,1980-2014,Elaboración propia del CNMH. Información geográfica del informe Una nación desplazada,2021/09/22 00:00:00+00,0.0207495162003136,1.03503423843965,76377,VALLE DEL CAUCA,LA CUMBRE,1,53,570,429,1053
1044,Desplazamiento forzado histórico por municipios en Colombia,1980-2014,Elaboración propia del CNMH. Información geográfica del informe Una nación desplazada,2021/09/22 00:00:00+00,0.0510835383137729,1.66890476589435,76364,VALLE DEL CAUCA,JAMUNDÍ,48,198,5028,4001,9275
1045,Desplazamiento forzado histórico por municipios en Colombia,1980-2014,Elaboración propia del CNMH. Información geográfica del informe Una nación desplazada,2021/09/22 00:00:00+00,0.0604826480916649,1.53721194829763,76100,VALLE DEL CAUCA,BOLÍVAR,102,184,507,2631,3424
1046,Desplazamiento forzado histórico por municipios en Colombia,1980-2014,Elaboración propia del CNMH. Información geográfica del informe Una nación desplazada,2021/09/22 00:00:00+00,0.074431346960273,1.7089015925162,76233,VALLE DEL CAUCA,DAGUA,69,365,5873,3521,9828
1047,Desplazamiento forzado histórico por municipios en Colombia,1980-2014,Elaboración propia del CNMH. Información geográfica del informe Una nación desplazada,2021/09/22 00:00:00+00,0.510778313774452,6.61827764015155,76109,VALLE DEL CAUCA,BUENAVENTURA,84,346,35557,174469,210456
1048,Desplazamiento forzado histórico por municipios en Colombia,1980-2014,Elaboración propia del CNMH. Información geográfica del informe Una nación desplazada,2021/09/22 00:00:00+00,0.471617291510231,4.66919951088452,81001,ARAUCA,ARAUCA,169,509,6653,7696,15027
1049,Desplazamiento forzado histórico por municipios en Colombia,1980-2014,Elaboración propia del CNMH. Información geográfica del informe Una nación desplazada,2021/09/22 00:00:00+00,0.185936024127841,2.93237623657352,81591,ARAUCA,PUERTO RONDÓN,69,146,1617,1302,3134
1050,Desplazamiento forzado histórico por municipios en Colombia,1980-2014,Elaboración propia del CNMH. Información geográfica del informe Una nación desplazada,2021/09/22 00:00:00+00,0.423933314540781,3.96393714129571,81220,ARAUCA,CRAVO NORTE,17,162,2199,692,3070
1051,Desplazamiento forzado histórico por municipios en Colombia,1980-2014,Elaboración propia del CNMH. Información geográfica del informe Una nación desplazada,2021/09/22 00:00:00+00,0.248655423790492,3.25994797262111,81065,ARAUCA,ARAUQUITA,236,595,2901,14663,18395
1052,Desplazamiento forzado histórico por municipios en Colombia,1980-2014,Elaboración propia del CNMH. Información geográfica del informe Una nación desplazada,2021/09/22 00:00:00+00,0.0946106258928635,2.05643250915585,81300,ARAUCA,FORTUL,118,229,895,4830,6072
1053,Desplazamiento forzado histórico por municipios en Colombia,1980-2014,Elaboración propia del CNMH. Información geográfica del informe Una nación desplazada,2021/09/22 00:00:00+00,0.0772141268510377,1.29412603496743,81736,ARAUCA,SARAVENA,260,727,3868,9346,14201
1054,Desplazamiento forzado histórico por municipios en Colombia,1980-2014,Elaboración propia del CNMH. Información geográfica del informe Una nación desplazada,2021/09/22 00:00:00+00,0.442190097337498,3.9380870954424,81794,ARAUCA,TAME,277,631,13773,29691,44372
1055,Desplazamiento forzado histórico por municipios en Colombia,1980-2014,Elaboración propia del CNMH. Información geográfica del informe Una nación desplazada,2021/09/22 00:00:00+00,0.20233681249734,3.15923309665225,85001,CASANARE,YOPAL,13,180,4367,2337,6897
1056,Desplazamiento forzado histórico por municipios en Colombia,1980-2014,Elaboración propia del CNMH. Información geográfica del informe Una nación desplazada,2021/09/22 00:00:00+00,0.117564729062629,2.22429644756167,85010,CASANARE,AGUAZUL,19,367,2703,1579,4668
1057,Desplazamiento forzado histórico por municipios en Colombia,1980-2014,Elaboración propia del CNMH. Información geográfica del informe Una nación desplazada,2021/09/22 00:00:00+00,0.025259141109064,1.04624206132746,85015,CASANARE,CHÁMEZA,1,193,1776,107,2077
1058,Desplazamiento forzado histórico por municipios en Colombia,1980-2014,Elaboración propia del CNMH. Información geográfica del informe Una nación desplazada,2021/09/22 00:00:00+00,0.0163171124912711,0.841307280768419,85136,CASANARE,LA SALINA,2,0,43,197,242
1059,Desplazamiento forzado histórico por municipios en Colombia,1980-2014,Elaboración propia del CNMH. Información geográfica del informe Una nación desplazada,2021/09/22 00:00:00+00,0.305687931646684,4.15361436303412,85139,CASANARE,MANÍ,28,294,2870,709,3901
1060,Desplazamiento forzado histórico por municipios en Colombia,1980-2014,Elaboración propia del CNMH. Información geográfica del informe Una nación desplazada,2021/09/22 00:00:00+00,0.0634919766124599,1.542045131452,85162,CASANARE,MONTERREY,26,119,1084,768,1997
1061,Desplazamiento forzado histórico por municipios en Colombia,1980-2014,Elaboración propia del CNMH. Información geográfica del informe Una nación desplazada,2021/09/22 00:00:00+00,0.0898318899773417,2.02748520826782,85225,CASANARE,NUNCHÍA,62,124,755,484,1425
1062,Desplazamiento forzado histórico por municipios en Colombia,1980-2014,Elaboración propia del CNMH. Información geográfica del informe Una nación desplazada,2021/09/22 00:00:00+00,0.386833665296474,4.18904753638027,85230,CASANARE,OROCUÉ,47,118,530,527,1222
1063,Desplazamiento forzado histórico por municipios en Colombia,1980-2014,Elaboración propia del CNMH. Información geográfica del informe Una nación desplazada,2021/09/22 00:00:00+00,0.0637000304998534,1.75536756826814,85263,CASANARE,PORE,18,155,1613,308,2094
1064,Desplazamiento forzado histórico por municipios en Colombia,1980-2014,Elaboración propia del CNMH. Información geográfica del informe Una nación desplazada,2021/09/22 00:00:00+00,0.0147760191400158,0.674577400252502,85279,CASANARE,RECETOR,0,74,2127,148,2349
1065,Desplazamiento forzado histórico por municipios en Colombia,1980-2014,Elaboración propia del CNMH. Información geográfica del informe Una nación desplazada,2021/09/22 00:00:00+00,0.0326733711090028,1.10334630661657,85300,CASANARE,SABANALARGA,11,19,93,81,204
1066,Desplazamiento forzado histórico por municipios en Colombia,1980-2014,Elaboración propia del CNMH. Información geográfica del informe Una nación desplazada,2021/09/22 00:00:00+00,0.0254776983300342,1.07521684117083,85315,CASANARE,SÁCAMA,5,26,419,552,1002
1067,Desplazamiento forzado histórico por municipios en Colombia,1980-2014,Elaboración propia del CNMH. Información geográfica del informe Una nación desplazada,2021/09/22 00:00:00+00,0.243389434158104,5.18922219502683,85325,CASANARE,SAN LUIS DE PALENQUE,38,102,413,182,735
1068,Desplazamiento forzado histórico por municipios en Colombia,1980-2014,Elaboración propia del CNMH. Información geográfica del informe Una nación desplazada,2021/09/22 00:00:00+00,0.089013182715039,1.79030952674115,85400,CASANARE,TÁMARA,58,147,756,723,1684
1069,Desplazamiento forzado histórico por municipios en Colombia,1980-2014,Elaboración propia del CNMH. Información geográfica del informe Una nación desplazada,2021/09/22 00:00:00+00,0.194305451959799,4.25012968818744,85410,CASANARE,TAURAMENA,53,242,2107,779,3181
1070,Desplazamiento forzado histórico por municipios en Colombia,1980-2014,Elaboración propia del CNMH. Información geográfica del informe Una nación desplazada,2021/09/22 00:00:00+00,0.241638412815031,5.03101473551625,85430,CASANARE,TRINIDAD,13,107,808,386,1314
1071,Desplazamiento forzado histórico por municipios en Colombia,1980-2014,Elaboración propia del CNMH. Información geográfica del informe Una nación desplazada,2021/09/22 00:00:00+00,0.0679194591156421,2.03490480378663,85440,CASANARE,VILLANUEVA,21,26,1771,1376,3194
1072,Desplazamiento forzado histórico por municipios en Colombia,1980-2014,Elaboración propia del CNMH. Información geográfica del informe Una nación desplazada,2021/09/22 00:00:00+00,0.44887870481731,7.42800263103864,85125,CASANARE,HATO COROZAL,84,232,1467,872,2655
1073,Desplazamiento forzado histórico por municipios en Colombia,1980-2014,Elaboración propia del CNMH. Información geográfica del informe Una nación desplazada,2021/09/22 00:00:00+00,0.985967805141981,8.57006485810684,85250,CASANARE,PAZ DE ARIPORO,139,189,2008,1206,3542
1074,Desplazamiento forzado histórico por municipios en Colombia,1980-2014,Elaboración propia del CNMH. Información geográfica del informe Una nación desplazada,2021/09/22 00:00:00+00,0.105792947176151,2.4752280932957,86001,PUTUMAYO,MOCOA,63,163,4745,3900,8871
1075,Desplazamiento forzado histórico por municipios en Colombia,1980-2014,Elaboración propia del CNMH. Información geográfica del informe Una nación desplazada,2021/09/22 00:00:00+00,0.00520953328009413,0.454886404479118,86219,PUTUMAYO,COLÓN,0,0,204,295,499
1076,Desplazamiento forzado histórico por municipios en Colombia,1980-2014,Elaboración propia del CNMH. Información geográfica del informe Una nación desplazada,2021/09/22 00:00:00+00,0.157171417466684,2.15208827167203,86320,PUTUMAYO,ORITO,33,209,11115,13476,24833
1077,Desplazamiento forzado histórico por municipios en Colombia,1980-2014,Elaboración propia del CNMH. Información geográfica del informe Una nación desplazada,2021/09/22 00:00:00+00,0.00792226887781973,0.51138187687295,86749,PUTUMAYO,SIBUNDOY,8,69,501,393,971
1078,Desplazamiento forzado histórico por municipios en Colombia,1980-2014,Elaboración propia del CNMH. Información geográfica del informe Una nación desplazada,2021/09/22 00:00:00+00,0.0330225631156541,1.17549504807984,86755,PUTUMAYO,SAN FRANCISCO,36,207,337,273,853
1079,Desplazamiento forzado histórico por municipios en Colombia,1980-2014,Elaboración propia del CNMH. Información geográfica del informe Una nación desplazada,2021/09/22 00:00:00+00,0.030777834090067,1.32758429348872,86757,PUTUMAYO,SAN MIGUEL,50,182,12352,8165,20749
1080,Desplazamiento forzado histórico por municipios en Colombia,1980-2014,Elaboración propia del CNMH. Información geográfica del informe Una nación desplazada,2021/09/22 00:00:00+00,0.0277100807044146,0.988141807512597,86760,PUTUMAYO,SANTIAGO,20,67,1232,337,1656
1081,Desplazamiento forzado histórico por municipios en Colombia,1980-2014,Elaboración propia del CNMH. Información geográfica del informe Una nación desplazada,2021/09/22 00:00:00+00,0.0660659883142831,1.71506648162325,86865,PUTUMAYO,VALLE DEL GUAMUEZ,59,375,22468,18291,41193
1082,Desplazamiento forzado histórico por municipios en Colombia,1980-2014,Elaboración propia del CNMH. Información geográfica del informe Una nación desplazada,2021/09/22 00:00:00+00,0.113257174900991,1.92801716397619,86885,PUTUMAYO,VILLAGARZÓN,44,124,6869,5337,12374
1083,Desplazamiento forzado histórico por municipios en Colombia,1980-2014,Elaboración propia del CNMH. Información geográfica del informe Una nación desplazada,2021/09/22 00:00:00+00,0.0751392578109117,1.71971768618479,86569,PUTUMAYO,PUERTO CAICEDO,31,108,7662,6502,14303
1084,Desplazamiento forzado histórico por municipios en Colombia,1980-2014,Elaboración propia del CNMH. Información geográfica del informe Una nación desplazada,2021/09/22 00:00:00+00,0.228679089114474,3.64440206658174,86568,PUTUMAYO,PUERTO ASÍS,88,308,17048,24204,41648
1085,Desplazamiento forzado histórico por municipios en Colombia,1980-2014,Elaboración propia del CNMH. Información geográfica del informe Una nación desplazada,2021/09/22 00:00:00+00,0.371458749315169,4.73463229504957,86571,PUTUMAYO,PUERTO GUZMÁN,40,145,10378,18147,28710
1086,Desplazamiento forzado histórico por municipios en Colombia,1980-2014,Elaboración propia del CNMH. Información geográfica del informe Una nación desplazada,2021/09/22 00:00:00+00,0.885757929184518,7.53772788090747,86573,PUTUMAYO,PUERTO LEGUÍZAMO,37,112,3594,10093,13836
1087,Desplazamiento forzado histórico por municipios en Colombia,1980-2014,Elaboración propia del CNMH. Información geográfica del informe Una nación desplazada,2021/09/22 00:00:00+00,0.00182791628965677,0.296896807057639,88564,"ARCHIPIÉLAGO DE SAN ANDRÉS, PROVIDENCIA Y SANTA CATALINA",PROVIDENCIA,0,0,2,5,7
1088,Desplazamiento forzado histórico por municipios en Colombia,1980-2014,Elaboración propia del CNMH. Información geográfica del informe Una nación desplazada,2021/09/22 00:00:00+00,0.00222141884357803,0.3864509555993,88001,"ARCHIPIÉLAGO DE SAN ANDRÉS, PROVIDENCIA Y SANTA CATALINA",SAN ANDRÉS,0,6,20,27,53
1089,Desplazamiento forzado histórico por municipios en Colombia,1980-2014,Elaboración propia del CNMH. Información geográfica del informe Una nación desplazada,2021/09/22 00:00:00+00,0.500701814721981,3.88000064517057,91001,AMAZONAS,LETICIA,0,29,154,601,784
1090,Desplazamiento forzado histórico por municipios en Colombia,1980-2014,Elaboración propia del CNMH. Información geográfica del informe Una nación desplazada,2021/09/22 00:00:00+00,0.885325416218478,8.05269675363164,91263,AMAZONAS,EL ENCANTO,0,0,41,153,194
1091,Desplazamiento forzado histórico por municipios en Colombia,1980-2014,Elaboración propia del CNMH. Información geográfica del informe Una nación desplazada,2021/09/22 00:00:00+00,1.0335830503916,9.1051008197855,91405,AMAZONAS,LA CHORRERA,0,0,53,57,110
1092,Desplazamiento forzado histórico por municipios en Colombia,1980-2014,Elaboración propia del CNMH. Información geográfica del informe Una nación desplazada,2021/09/22 00:00:00+00,1.10519758361103,7.37629087074984,91407,AMAZONAS,LA PEDRERA,0,8,57,30,95
1093,Desplazamiento forzado histórico por municipios en Colombia,1980-2014,Elaboración propia del CNMH. Información geográfica del informe Una nación desplazada,2021/09/22 00:00:00+00,0.116086252963295,2.48317023241676,91430,AMAZONAS,LA VICTORIA,0,0,8,52,60
1094,Desplazamiento forzado histórico por municipios en Colombia,1980-2014,Elaboración propia del CNMH. Información geográfica del informe Una nación desplazada,2021/09/22 00:00:00+00,1.36686628413449,6.44839469577357,91460,AMAZONAS,MIRITÍ - PARANÁ,5,1,7,17,30
1095,Desplazamiento forzado histórico por municipios en Colombia,1980-2014,Elaboración propia del CNMH. Información geográfica del informe Una nación desplazada,2021/09/22 00:00:00+00,0.690133233849044,4.77781476461143,91530,AMAZONAS,PUERTO ALEGRÍA,0,0,47,71,118
1096,Desplazamiento forzado histórico por municipios en Colombia,1980-2014,Elaboración propia del CNMH. Información geográfica del informe Una nación desplazada,2021/09/22 00:00:00+00,1.11803161858597,8.67767181206824,91536,AMAZONAS,PUERTO ARICA,0,1,74,61,136
1097,Desplazamiento forzado histórico por municipios en Colombia,1980-2014,Elaboración propia del CNMH. Información geográfica del informe Una nación desplazada,2021/09/22 00:00:00+00,0.122362659255489,1.96885901968232,91540,AMAZONAS,PUERTO NARIÑO,0,3,11,22,36
1098,Desplazamiento forzado histórico por municipios en Colombia,1980-2014,Elaboración propia del CNMH. Información geográfica del informe Una nación desplazada,2021/09/22 00:00:00+00,1.1952333858016,10.6360457873505,91669,AMAZONAS,PUERTO SANTANDER,0,0,96,211,307
1099,Desplazamiento forzado histórico por municipios en Colombia,1980-2014,Elaboración propia del CNMH. Información geográfica del informe Una nación desplazada,2021/09/22 00:00:00+00,0.743958689358908,5.21663048211,91798,AMAZONAS,TARAPACÁ,0,4,38,73,115
1100,Desplazamiento forzado histórico por municipios en Colombia,1980-2014,Elaboración propia del CNMH. Información geográfica del informe Una nación desplazada,2021/09/22 00:00:00+00,1.28698950137056,9.25668482225679,94001,GUAINÍA,INÍRIDA,12,51,510,2271,2844
1101,Desplazamiento forzado histórico por municipios en Colombia,1980-2014,Elaboración propia del CNMH. Información geográfica del informe Una nación desplazada,2021/09/22 00:00:00+00,1.16483878739335,10.3679117606207,94343,GUAINÍA,BARRANCOMINAS,4,29,971,1581,2585
1102,Desplazamiento forzado histórico por municipios en Colombia,1980-2014,Elaboración propia del CNMH. Información geográfica del informe Una nación desplazada,2021/09/22 00:00:00+00,0.234611581007212,4.0297186100297,94883,GUAINÍA,SAN FELIPE,0,5,42,130,177
1103,Desplazamiento forzado histórico por municipios en Colombia,1980-2014,Elaboración propia del CNMH. Información geográfica del informe Una nación desplazada,2021/09/22 00:00:00+00,1.2632739731015,9.16648748267331,94884,GUAINÍA,PUERTO COLOMBIA,4,0,60,45,109
1104,Desplazamiento forzado histórico por municipios en Colombia,1980-2014,Elaboración propia del CNMH. Información geográfica del informe Una nación desplazada,2021/09/22 00:00:00+00,0.0943380045648228,1.75081126587477,94885,GUAINÍA,LA GUADALUPE,0,0,5,10,15
1105,Desplazamiento forzado histórico por municipios en Colombia,1980-2014,Elaboración propia del CNMH. Información geográfica del informe Una nación desplazada,2021/09/22 00:00:00+00,0.18760888929962,2.36417399800397,94886,GUAINÍA,CACAHUAL,0,0,0,19,19
1106,Desplazamiento forzado histórico por municipios en Colombia,1980-2014,Elaboración propia del CNMH. Información geográfica del informe Una nación desplazada,2021/09/22 00:00:00+00,0.825036170330606,7.80530541419578,94887,GUAINÍA,PANA PANA,0,0,0,22,22
1107,Desplazamiento forzado histórico por municipios en Colombia,1980-2014,Elaboración propia del CNMH. Información geográfica del informe Una nación desplazada,2021/09/22 00:00:00+00,0.691240487505101,6.91064562694967,94888,GUAINÍA,MORICHAL,1,0,39,91,131
1108,Desplazamiento forzado histórico por municipios en Colombia,1980-2014,Elaboración propia del CNMH. Información geográfica del informe Una nación desplazada,2021/09/22 00:00:00+00,1.36039119784559,14.0857819173462,95001,GUAVIARE,SAN JOSÉ DEL GUAVIARE,245,794,18340,23721,43100
1109,Desplazamiento forzado histórico por municipios en Colombia,1980-2014,Elaboración propia del CNMH. Información geográfica del informe Una nación desplazada,2021/09/22 00:00:00+00,1.0618124065065,7.52946379596939,95015,GUAVIARE,CALAMAR,50,169,3227,4638,8084
1110,Desplazamiento forzado histórico por municipios en Colombia,1980-2014,Elaboración propia del CNMH. Información geográfica del informe Una nación desplazada,2021/09/22 00:00:00+00,1.04724033894638,12.3157415364945,95025,GUAVIARE,EL RETORNO,38,301,5283,6079,11701
1111,Desplazamiento forzado histórico por municipios en Colombia,1980-2014,Elaboración propia del CNMH. Información geográfica del informe Una nación desplazada,2021/09/22 00:00:00+00,1.03946228703993,7.38542439658739,95200,GUAVIARE,MIRAFLORES,86,510,4712,6058,11366
1112,Desplazamiento forzado histórico por municipios en Colombia,1980-2014,Elaboración propia del CNMH. Información geográfica del informe Una nación desplazada,2021/09/22 00:00:00+00,1.31217098457042,6.3525914570043,97001,VAUPÉS,MITÚ,46,132,3064,2262,5504
1113,Desplazamiento forzado histórico por municipios en Colombia,1980-2014,Elaboración propia del CNMH. Información geográfica del informe Una nación desplazada,2021/09/22 00:00:00+00,0.516272058307683,4.61831784578416,97161,VAUPÉS,CARURÚ,19,31,449,911,1410
1114,Desplazamiento forzado histórico por municipios en Colombia,1980-2014,Elaboración propia del CNMH. Información geográfica del informe Una nación desplazada,2021/09/22 00:00:00+00,1.13331520593044,9.1721385664555,97511,VAUPÉS,PACOA,13,0,22,94,129
1115,Desplazamiento forzado histórico por municipios en Colombia,1980-2014,Elaboración propia del CNMH. Información geográfica del informe Una nación desplazada,2021/09/22 00:00:00+00,0.526120880873469,6.71058198544058,97666,VAUPÉS,TARAIRA,4,5,18,54,81
1116,Desplazamiento forzado histórico por municipios en Colombia,1980-2014,Elaboración propia del CNMH. Información geográfica del informe Una nación desplazada,2021/09/22 00:00:00+00,0.449587208475092,5.42825221341816,97777,VAUPÉS,PAPUNAHUA,0,0,0,52,52
1117,Desplazamiento forzado histórico por municipios en Colombia,1980-2014,Elaboración propia del CNMH. Información geográfica del informe Una nación desplazada,2021/09/22 00:00:00+00,0.376343838690332,3.97004585815224,97889,VAUPÉS,YAVARATÉ,0,0,0,27,27
1118,Desplazamiento forzado histórico por municipios en Colombia,1980-2014,Elaboración propia del CNMH. Información geográfica del informe Una nación desplazada,2021/09/22 00:00:00+00,0.299959746911495,3.80584721504968,99624,VICHADA,SANTA ROSALÍA,6,29,324,349,708
1119,Desplazamiento forzado histórico por municipios en Colombia,1980-2014,Elaboración propia del CNMH. Información geográfica del informe Una nación desplazada,2021/09/22 00:00:00+00,0.985913834623122,5.47514536120045,99001,VICHADA,PUERTO CARREÑO,2,39,828,1078,1947
1120,Desplazamiento forzado histórico por municipios en Colombia,1980-2014,Elaboración propia del CNMH. Información geográfica del informe Una nación desplazada,2021/09/22 00:00:00+00,1.5062235338931,8.08006148785121,99524,VICHADA,LA PRIMAVERA,17,113,710,1152,1992
1121,Desplazamiento forzado histórico por municipios en Colombia,1980-2014,Elaboración propia del CNMH. Información geográfica del informe Una nación desplazada,2021/09/22 00:00:00+00,5.30858337621168,18.7946766306888,99773,VICHADA,CUMARIBO,37,260,2537,11794,14628
